"C:/PinBall/TGS_2026_TeamJ.uproject" 1
"../../../Engine/Plugins/AudioGameplayVolume/AudioGameplayVolume.uplugin" 2
"../../../Engine/Plugins/LightWeightInstancesEditor/LightWeightInstancesEditor.uplugin" 3
"../../../Engine/Plugins/EnhancedInput/EnhancedInput.uplugin" 4
"../../../Engine/Plugins/Bridge/Bridge.uplugin" 5
"../../../Engine/Plugins/ScriptPlugin/ScriptPlugin.uplugin" 6
"../../../Engine/Plugins/RenderGraphInsights/RenderGraphInsights.uplugin" 7
"../../../Engine/Plugins/FastBuildController/FastBuildController.uplugin" 8
"../../../Engine/Plugins/AI/MassAI/MassAI.uplugin" 9
"../../../Engine/Plugins/TraceUtilities/TraceUtilities.uplugin" 10
"../../../Engine/Plugins/Enterprise/DatasmithC4DImporter/DatasmithC4DImporter.uplugin" 11
"../../../Engine/Plugins/AudioGameplay/AudioGameplay.uplugin" 12
"../../../Engine/Plugins/JsonBlueprintUtilities/JsonBlueprintUtilities.uplugin" 13
"../../../Engine/Plugins/MeshPainting/MeshPainting.uplugin" 14
"../../../Engine/Plugins/XGEController/XGEController.uplugin" 15
"../../../Engine/Plugins/AI/EnvironmentQueryEditor/EnvironmentQueryEditor.uplugin" 16
"../../../Engine/Plugins/AI/HTNPlanner/HTNPlanner.uplugin" 17
"../../../Engine/Plugins/BlueprintFileUtils/BlueprintFileUtils.uplugin" 18
"../../../Engine/Plugins/AI/MLAdapter/MLAdapter.uplugin" 19
"../../../Engine/Plugins/Enterprise/DatasmithCADImporter/DatasmithCADImporter.uplugin" 20
"../../../Engine/Plugins/Enterprise/VariantManagerContent/VariantManagerContent.uplugin" 21
"../../../Engine/Plugins/AI/AISupport/AISupport.uplugin" 22
"../../../Engine/Plugins/AI/MassCrowd/MassCrowd.uplugin" 23
"../../../Engine/Plugins/Runtime/AndroidBackgroundService/AndroidBackgroundService.uplugin" 24
"../../../Engine/Plugins/Runtime/AndroidMoviePlayer/AndroidMoviePlayer.uplugin" 25
"../../../Engine/Plugins/Runtime/AndroidDeviceProfileSelector/AndroidDeviceProfileSelector.uplugin" 26
"../../../Engine/Plugins/Runtime/AndroidPermission/AndroidPermission.uplugin" 27
"../../../Engine/Plugins/Runtime/ApexDestruction/ApexDestruction.uplugin" 28
"../../../Engine/Plugins/Runtime/AppleImageUtils/AppleImageUtils.uplugin" 29
"../../../Engine/Plugins/Runtime/AppleMoviePlayer/AppleMoviePlayer.uplugin" 30
"../../../Engine/Plugins/Runtime/ArchVisCharacter/ArchVisCharacter.uplugin" 31
"../../../Engine/Plugins/Runtime/AssetTags/AssetTags.uplugin" 32
"../../../Engine/Plugins/Runtime/AnimationBudgetAllocator/AnimationBudgetAllocator.uplugin" 33
"../../../Engine/Plugins/Runtime/AudioMotorSim/AudioMotorSim.uplugin" 34
"../../../Engine/Plugins/Runtime/AudioModulation/AudioModulation.uplugin" 35
"../../../Engine/Plugins/Runtime/AudioSynesthesia/AudioSynesthesia.uplugin" 36
"../../../Engine/Plugins/Runtime/CableComponent/CableComponent.uplugin" 37
"../../../Engine/Plugins/Runtime/ChunkDownloader/ChunkDownloader.uplugin" 38
"../../../Engine/Plugins/Runtime/CustomMeshComponent/CustomMeshComponent.uplugin" 39
"../../../Engine/Plugins/Runtime/AudioCapture/AudioCapture.uplugin" 40
"../../../Engine/Plugins/Runtime/AudioWidgets/AudioWidgets.uplugin" 41
"../../../Engine/Plugins/Runtime/Firebase/Firebase.uplugin" 42
"../../../Engine/Plugins/Runtime/AndroidFileServer/AndroidFileServer.uplugin" 43
"../../../Engine/Plugins/Runtime/GameplayInteractions/GameplayInteractions.uplugin" 44
"../../../Engine/Plugins/Runtime/GameplayStateTree/GameplayStateTree.uplugin" 45
"../../../Engine/Plugins/Runtime/DataRegistry/DataRegistry.uplugin" 46
"../../../Engine/Plugins/Runtime/GeometryCache/GeometryCache.uplugin" 47
"../../../Engine/Plugins/Runtime/ComputeFramework/ComputeFramework.uplugin" 48
"../../../Engine/Plugins/Runtime/GameplayAbilities/GameplayAbilities.uplugin" 49
"../../../Engine/Plugins/Runtime/GeometryProcessing/GeometryProcessing.uplugin" 50
"../../../Engine/Plugins/Runtime/GeoReferencing/GeoReferencing.uplugin" 51
"../../../Engine/Plugins/Runtime/GooglePAD/GooglePAD.uplugin" 52
"../../../Engine/Plugins/Runtime/HPMotionController/HPMotionController.uplugin" 53
"../../../Engine/Plugins/Runtime/InputDebugging/InputDebugging.uplugin" 54
"../../../Engine/Plugins/Runtime/HTTPChunkInstaller/HTTPChunkInstaller.uplugin" 55
"../../../Engine/Plugins/Runtime/ExampleDeviceProfileSelector/ExampleDeviceProfileSelector.uplugin" 56
"../../../Engine/Plugins/Runtime/GoogleCloudMessaging/GoogleCloudMessaging.uplugin" 57
"../../../Engine/Plugins/Runtime/LiveLinkOvernDisplay/LiveLinkOverNDisplay.uplugin" 58
"../../../Engine/Plugins/Runtime/LocationServicesAndroidImpl/LocationServicesAndroidImpl.uplugin" 59
"../../../Engine/Plugins/Runtime/HDRIBackdrop/HDRIBackdrop.uplugin" 60
"../../../Engine/Plugins/Runtime/HairStrands/HairStrands.uplugin" 61
"../../../Engine/Plugins/Enterprise/DatasmithContent/DatasmithContent.uplugin" 62
"../../../Engine/Plugins/Runtime/IOSDeviceProfileSelector/IOSDeviceProfileSelector.uplugin" 63
"../../../Engine/Plugins/Enterprise/DataprepEditor/DataprepEditor.uplugin" 64
"../../../Engine/Plugins/Runtime/LocationServicesBPLibrary/LocationServicesBPLibrary.uplugin" 65
"../../../Engine/Plugins/Enterprise/DatasmithImporter/DatasmithImporter.uplugin" 66
"../../../Engine/Plugins/Runtime/IOSReplayKit/IOSReplayKit.uplugin" 67
"../../../Engine/Plugins/Runtime/MixedRealityCaptureFramework/MixedRealityCaptureFramework.uplugin" 68
"../../../Engine/Plugins/Runtime/GameplayBehaviorSmartObjects/GameplayBehaviorSmartObjects.uplugin" 69
"../../../Engine/Plugins/Enterprise/DatasmithGLTFImporter/DatasmithGLTFImporter.uplugin" 70
"../../../Engine/Plugins/Enterprise/AxFImporter/AxFImporter.uplugin" 71
"../../../Engine/Plugins/Runtime/MobilePatchingUtils/MobilePatchingUtils.uplugin" 72
"../../../Engine/Plugins/Enterprise/GLTFExporter/GLTFExporter.uplugin" 73
"../../../Engine/Plugins/Runtime/MicrosoftSpatialAudio/MicroSoftSpatialSound.uplugin" 74
"../../../Engine/Plugins/Runtime/NetworkPredictionInsights/NetworkPredictionInsights.uplugin" 75
"../../../Engine/Plugins/Runtime/nDisplayModularFeatures/nDisplayModularFeatures.uplugin" 76
"../../../Engine/Plugins/Runtime/MassGameplay/MassGameplay.uplugin" 77
"../../../Engine/Plugins/Runtime/MeshModelingToolset/MeshModelingToolset.uplugin" 78
"../../../Engine/Plugins/Enterprise/DatasmithIFCImporter/DatasmithIFCImporter.uplugin" 79
"../../../Engine/Plugins/Enterprise/VariantManager/VariantManager.uplugin" 80
"../../../Engine/Plugins/Runtime/MobileFSR/MobileFSR.uplugin" 81
"../../../Engine/Plugins/Enterprise/DatasmithFBXImporter/DatasmithFBXImporter.uplugin" 82
"../../../Engine/Plugins/Runtime/NavCorridor/NavCorridor.uplugin" 83
"../../../Engine/Plugins/Enterprise/MDLImporter/MDLImporter.uplugin" 84
"../../../Engine/Plugins/Runtime/OpenXRMsftHandInteraction/OpenXRMsftHandInteraction.uplugin" 85
"../../../Engine/Plugins/Runtime/OSC/OSC.uplugin" 86
"../../../Engine/Plugins/Runtime/OpenCV/OpenCV.uplugin" 87
"../../../Engine/Plugins/Runtime/NetworkPrediction/NetworkPrediction.uplugin" 88
"../../../Engine/Plugins/Runtime/OpenXREyeTracker/OpenXREyeTracker.uplugin" 89
"../../../Engine/Plugins/Runtime/ModelViewViewModel/ModelViewViewModel.uplugin" 90
"../../../Engine/Plugins/Runtime/NetworkPredictionExtras/NetworkPredictionExtras.uplugin" 91
"../../../Engine/Plugins/Runtime/OptionalMobileFeaturesBPLibrary/OptionalMobileFeaturesBPLibrary.uplugin" 92
"../../../Engine/Plugins/Runtime/MassEntity/MassEntity.uplugin" 93
"../../../Engine/Plugins/Runtime/PropertyAccess/PropertyAccessEditor.uplugin" 94
"../../../Engine/Plugins/Runtime/Metasound/Metasound.uplugin" 95
"../../../Engine/Plugins/Runtime/LinuxDeviceProfileSelector/LinuxDeviceProfileSelector.uplugin" 96
"../../../Engine/Plugins/Runtime/LocationServicesIOSImpl/LocationServicesIOSImpl.uplugin" 97
"../../../Engine/Plugins/Runtime/OSCModulationMixing/OSCModulationMixing.uplugin" 98
"../../../Engine/Plugins/Enterprise/LidarPointCloud/LidarPointCloud.uplugin" 99
"../../../Engine/Plugins/Runtime/SkeletalMerging/SkeletalMerging.uplugin" 100
"../../../Engine/Plugins/Runtime/ActorLayerUtilities/ActorLayerUtilities.uplugin" 101
"../../../Engine/Plugins/Runtime/MIDIDevice/MIDIDevice.uplugin" 102
"../../../Engine/Plugins/Runtime/nDisplay/nDisplay.uplugin" 103
"../../../Engine/Plugins/Runtime/SignificanceManager/SignificanceManager.uplugin" 104
"../../../Engine/Plugins/Runtime/Soundscape/Soundscape.uplugin" 105
"../../../Engine/Plugins/Runtime/PreLoadScreenMoviePlayer/PreLoadScreenMoviePlayer.uplugin" 106
"../../../Engine/Plugins/Runtime/SoundCueTemplates/SoundCueTemplates.uplugin" 107
"../../../Engine/Plugins/Runtime/ProceduralMeshComponent/ProceduralMeshComponent.uplugin" 108
"../../../Engine/Plugins/Runtime/RenderTrace/RenderTrace.uplugin" 109
"../../../Engine/Plugins/Runtime/SmartObjects/SmartObjects.uplugin" 110
"../../../Engine/Plugins/Runtime/SoundMod/SoundMod.uplugin" 111
"../../../Engine/Plugins/Runtime/StateTree/StateTree.uplugin" 112
"../../../Engine/Plugins/Runtime/OpenXRHandTracking/OpenXRHandTracking.uplugin" 113
"../../../Engine/Plugins/Runtime/ResonanceAudio/ResonanceAudio.uplugin" 114
"../../../Engine/Plugins/Runtime/SoundFields/SoundFields.uplugin" 115
"../../../Engine/Plugins/Runtime/OpenXR/OpenXR.uplugin" 116
"../../../Engine/Plugins/Runtime/WaveTable/WaveTable.uplugin" 117
"../../../Engine/Plugins/Runtime/Spatialization/Spatialization.uplugin" 118
"../../../Engine/Plugins/Runtime/WebBrowserWidget/WebBrowserWidget.uplugin" 119
"../../../Engine/Plugins/Runtime/SoundUtilities/SoundUtilities.uplugin" 120
"../../../Engine/Plugins/Runtime/SunPosition/SunPosition.uplugin" 121
"../../../Engine/Plugins/Runtime/Synthesis/Synthesis.uplugin" 122
"../../../Engine/Plugins/Runtime/ReplicationGraph/ReplicationGraph.uplugin" 123
"../../../Engine/Plugins/Runtime/ZoneGraph/ZoneGraph.uplugin" 124
"../../../Engine/Plugins/Runtime/ReplicationSystemTestPlugin/ReplicationSystemTestPlugin.uplugin" 125
"../../../Engine/Plugins/Runtime/WindowsDeviceProfileSelector/WindowsDeviceProfileSelector.uplugin" 126
"../../../Engine/Plugins/Runtime/WebMMoviePlayer/WebMMoviePlayer.uplugin" 127
"../../../Engine/Plugins/Runtime/WindowsMoviePlayer/WindowsMoviePlayer.uplugin" 128
"../../../Engine/Plugins/Interchange/Editor/InterchangeEditor.uplugin" 129
"../../../Engine/Plugins/Runtime/WebBrowserNativeProxy/WebBrowserNativeProxy.uplugin" 130
"../../../Engine/Plugins/NetcodeUnitTest/NUTUnrealEngine/NUTUnrealEngine.uplugin" 131
"../../../Engine/Plugins/VirtualProduction/EpicStageApp/EpicStageApp.uplugin" 132
"../../../Engine/Plugins/Runtime/WarpUtils/WarpUtils.uplugin" 133
"../../../Engine/Plugins/VirtualProduction/CameraCalibrationCore/CameraCalibrationCore.uplugin" 134
"../../../Engine/Plugins/NetcodeUnitTest/NetcodeUnitTest/NetcodeUnitTest.uplugin" 135
"../../../Engine/Plugins/Runtime/ZoneGraphAnnotations/ZoneGraphAnnotations.uplugin" 136
"../../../Engine/Plugins/VirtualProduction/CameraCalibration/CameraCalibration.uplugin" 137
"../../../Engine/Plugins/VirtualProduction/LevelSnapshots/LevelSnapshots.uplugin" 138
"../../../Engine/Plugins/VirtualProduction/ICVFX/ICVFX.uplugin" 139
"../../../Engine/Plugins/VirtualProduction/LiveLinkFreeD/LiveLinkFreeD.uplugin" 140
"../../../Engine/Plugins/VirtualProduction/LiveLinkVRPN/LiveLinkVRPN.uplugin" 141
"../../../Engine/Plugins/Interchange/Runtime/Interchange.uplugin" 142
"../../../Engine/Plugins/VirtualProduction/MultiUserTakes/MultiUserTakes.uplugin" 143
"../../../Engine/Plugins/VirtualProduction/RemoteControl/RemoteControl.uplugin" 144
"../../../Engine/Plugins/VirtualProduction/LiveLinkXR/LiveLinkXR.uplugin" 145
"../../../Engine/Plugins/VirtualProduction/LiveLinkLens/LiveLinkLens.uplugin" 146
"../../../Engine/Plugins/VirtualProduction/CompositePlane/CompositePlane.uplugin" 147
"../../../Engine/Plugins/VirtualProduction/LiveLinkPrestonMDR/LiveLinkPrestonMDR.uplugin" 148
"../../../Engine/Plugins/VirtualProduction/Switchboard/Switchboard.uplugin" 149
"../../../Engine/Plugins/VirtualProduction/SequencerPlaylists/SequencerPlaylists.uplugin" 150
"../../../Engine/Plugins/VirtualProduction/RemoteControlWebInterface/RemoteControlWebInterface.uplugin" 151
"../../../Engine/Plugins/Cameras/CameraShakePreviewer/CameraShakePreviewer.uplugin" 152
"../../../Engine/Plugins/Cameras/GameplayCameras/GameplayCameras.uplugin" 153
"../../../Engine/Plugins/VirtualProduction/StageMonitoring/StageMonitoring.uplugin" 154
"../../../Engine/Plugins/VirtualProduction/TextureShare/TextureShare.uplugin" 155
"../../../Engine/Plugins/VirtualProduction/RemoteControlProtocolMIDI/RemoteControlProtocolMIDI.uplugin" 156
"../../../Engine/Plugins/VirtualProduction/RemoteControlProtocolOSC/RemoteControlProtocolOSC.uplugin" 157
"../../../Engine/Plugins/VirtualProduction/TimedDataMonitor/TimedDataMonitor.uplugin" 158
"../../../Engine/Plugins/VirtualProduction/DataCharts/DataCharts.uplugin" 159
"../../../Engine/Plugins/VirtualProduction/LiveLinkCamera/LiveLinkCamera.uplugin" 160
"../../../Engine/Plugins/Compositing/OpenColorIO/OpenColorIO.uplugin" 161
"../../../Engine/Plugins/VirtualProduction/Takes/Takes.uplugin" 162
"../../../Engine/Plugins/Compositing/LensDistortion/LensDistortion.uplugin" 163
"../../../Engine/Plugins/Compositing/Composure/Composure.uplugin" 164
"../../../Engine/Plugins/VirtualProduction/LiveLinkMasterLockit/LiveLinkMasterLockit.uplugin" 165
"../../../Engine/Plugins/Compression/OodleNetwork/OodleNetwork.uplugin" 166
"../../../Engine/Plugins/Compositing/OpenCVLensDistortion/OpenCVLensDistortion.uplugin" 167
"../../../Engine/Plugins/Online/EOSShared/EOSShared.uplugin" 168
"../../../Engine/Plugins/Online/OnlineFramework/OnlineFramework.uplugin" 169
"../../../Engine/Plugins/Online/OnlineBase/OnlineBase.uplugin" 170
"../../../Engine/Plugins/VirtualProduction/RemoteControlProtocolDMX/RemoteControlProtocolDMX.uplugin" 171
"../../../Engine/Plugins/Online/OnlineServicesNull/OnlineServicesNull.uplugin" 172
"../../../Engine/Plugins/Online/OnlineServices/OnlineServices.uplugin" 173
"../../../Engine/Plugins/Online/OnlineSubsystem/OnlineSubsystem.uplugin" 174
"../../../Engine/Plugins/Online/OnlineSubsystemGoogle/OnlineSubsystemGoogle.uplugin" 175
"../../../Engine/Plugins/Online/OnlineSubsystemNull/OnlineSubsystemNull.uplugin" 176
"../../../Engine/Plugins/Online/OnlineSubsystemOculus/OnlineSubsystemOculus.uplugin" 177
"../../../Engine/Plugins/Online/OnlineServicesOSSAdapter/OnlineServicesOSSAdapter.uplugin" 178
"../../../Engine/Plugins/Online/OnlineServicesEOS/OnlineServicesEOS.uplugin" 179
"../../../Engine/Plugins/Online/OnlineSubsystemFacebook/OnlineSubsystemFacebook.uplugin" 180
"../../../Engine/Plugins/Online/OnlineSubsystemAmazon/OnlineSubsystemAmazon.uplugin" 181
"../../../Engine/Plugins/Online/SocketSubsystemEOS/SocketSubsystemEOS.uplugin" 182
"../../../Engine/Plugins/Online/WebAuth/WebAuth.uplugin" 183
"../../../Engine/Plugins/Online/OnlineServicesEOSGS/OnlineServicesEOSGS.uplugin" 184
"../../../Engine/Plugins/Slate/SlateInsights/SlateInsights.uplugin" 185
"../../../Engine/Plugins/Online/OnlineSubsystemApple/OnlineSubsystemApple.uplugin" 186
"../../../Engine/Plugins/Online/OnlineSubsystemTencent/OnlineSubsystemTencent.uplugin" 187
"../../../Engine/Plugins/Online/OnlineSubsystemEOS/OnlineSubsystemEOS.uplugin" 188
"../../../Engine/Plugins/Online/OnlineSubsystemUtils/OnlineSubsystemUtils.uplugin" 189
"../../../Engine/Plugins/Developer/DumpGPUServices/DumpGPUServices.uplugin" 190
"../../../Engine/Plugins/Developer/BlankPlugin/BlankPlugin.uplugin" 191
"../../../Engine/Plugins/Online/OnlineSubsystemSteam/OnlineSubsystemSteam.uplugin" 192
"../../../Engine/Plugins/Developer/KDevelopSourceCodeAccess/KDevelopSourceCodeAccess.uplugin" 193
"../../../Engine/Plugins/Developer/AnimationSharing/AnimationSharing.uplugin" 194
"../../../Engine/Plugins/Developer/CLionSourceCodeAccess/CLionSourceCodeAccess.uplugin" 195
"../../../Engine/Plugins/Developer/NullSourceCodeAccess/NullSourceCodeAccess.uplugin" 196
"../../../Engine/Plugins/Developer/PixWinPlugin/PixWinPlugin.uplugin" 197
"../../../Engine/Plugins/Developer/RiderSourceCodeAccess/RiderSourceCodeAccess.uplugin" 198
"../../../Engine/Plugins/Developer/PerforceSourceControl/PerforceSourceControl.uplugin" 199
"../../../Engine/Plugins/Developer/CodeLiteSourceCodeAccess/CodeLiteSourceCodeAccess.uplugin" 200
"../../../Engine/Plugins/Developer/OneSkyLocalizationService/OneSkyLocalizationService.uplugin" 201
"../../../Engine/Plugins/Developer/PlasticSourceControl/PlasticSourceControl.uplugin" 202
"../../../Engine/Plugins/Developer/PropertyAccessNode/PropertyAccessNode.uplugin" 203
"../../../Engine/Plugins/Developer/UObjectPlugin/UObjectPlugin.uplugin" 204
"../../../Engine/Plugins/Developer/TextureFormatOodle/TextureFormatOodle.uplugin" 205
"../../../Engine/Plugins/Developer/RenderDocPlugin/RenderDocPlugin.uplugin" 206
"../../../Engine/Plugins/Developer/VisualStudioSourceCodeAccess/VisualStudioSourceCodeAccess.uplugin" 207
"../../../Engine/Plugins/Developer/PluginUtils/PluginUtils.uplugin" 208
"../../../Engine/Plugins/Editor/AssetReferenceRestrictions/AssetReferenceRestrictions.uplugin" 209
"../../../Engine/Plugins/Developer/TraceSourceFiltering/TraceSourceFilters.uplugin" 210
"../../../Engine/Plugins/Developer/VisualStudioCodeSourceCodeAccess/VisualStudioCodeSourceCodeAccess.uplugin" 211
"../../../Engine/Plugins/Editor/AssetManagerEditor/AssetManagerEditor.uplugin" 212
"../../../Engine/Plugins/Developer/GitSourceControl/GitSourceControl.uplugin" 213
"../../../Engine/Plugins/Editor/DataValidation/DataValidation.uplugin" 214
"../../../Engine/Plugins/Editor/CurveEditorTools/CurveEditorTools.uplugin" 215
"../../../Engine/Plugins/Editor/BlueprintHeaderView/BlueprintHeaderView.uplugin" 216
"../../../Engine/Plugins/Editor/AssetRegistryExport/AssetRegistryExport.uplugin" 217
"../../../Engine/Plugins/Editor/AssetSearch/AssetSearch.uplugin" 218
"../../../Engine/Plugins/Editor/BlueprintMaterialTextureNodes/BlueprintMaterialTextureNodes.uplugin" 219
"../../../Engine/Plugins/Editor/FacialAnimation/FacialAnimation.uplugin" 220
"../../../Engine/Plugins/Developer/SubversionSourceControl/SubversionSourceControl.uplugin" 221
"../../../Engine/Plugins/Editor/CryptoKeys/CryptoKeys.uplugin" 222
"../../../Engine/Plugins/Editor/GameplayTagsEditor/GameplayTagsEditor.uplugin" 223
"../../../Engine/Plugins/Editor/EditorDebugTools/EditorDebugTools.uplugin" 224
"../../../Engine/Plugins/Editor/ConsoleVariablesEditor/ConsoleVariables.uplugin" 225
"../../../Engine/Plugins/Editor/GeometryMode/GeometryMode.uplugin" 226
"../../../Engine/Plugins/Developer/XCodeSourceCodeAccess/XCodeSourceCodeAccess.uplugin" 227
"../../../Engine/Plugins/Editor/DisplayClusterLaunch/DisplayClusterLaunch.uplugin" 228
"../../../Engine/Plugins/Developer/XcodeGPUDebuggerPlugin/XcodeGPUDebuggerPlugin.uplugin" 229
"../../../Engine/Plugins/Editor/MaterialAnalyzer/MaterialAnalyzer.uplugin" 230
"../../../Engine/Plugins/Developer/TraceDataFiltering/TraceDataFilters.uplugin" 231
"../../../Engine/Plugins/Editor/MacGraphicsSwitching/MacGraphicsSwitching.uplugin" 232
"../../../Engine/Plugins/Editor/PluginBrowser/PluginBrowser.uplugin" 233
"../../../Engine/Plugins/Editor/MobileLauncherProfileWizard/MobileLauncherProfileWizard.uplugin" 234
"../../../Engine/Plugins/Editor/SequencerAnimTools/SequencerAnimTools.uplugin" 235
"../../../Engine/Plugins/Editor/GLTFImporter/GLTFImporter.uplugin" 236
"../../../Engine/Plugins/VirtualProduction/RemoteControlInterception/RemoteControlInterception.uplugin" 237
"../../../Engine/Plugins/Editor/WorldPartitionHLODUtilities/WorldPartitionHLODUtilities.uplugin" 238
"../../../Engine/Plugins/Editor/SpeedTreeImporter/SpeedTreeImporter.uplugin" 239
"../../../Engine/Plugins/Performance/PerformanceMonitor/PerformanceMonitor.uplugin" 240
"../../../Engine/Plugins/Experimental/AbilitySystemGameFeatureActions/AbilitySystemGameFeatureActions.uplugin" 241
"../../../Engine/Plugins/Editor/ModelingToolsEditorMode/ModelingToolsEditorMode.uplugin" 242
"../../../Engine/Plugins/Editor/WaveformEditor/WaveformEditor.uplugin" 243
"../../../Engine/Plugins/Experimental/AutomationUtils/AutomationUtils.uplugin" 244
"../../../Engine/Plugins/Slate/SlateScripting/SlateScripting.uplugin" 245
"../../../Engine/Plugins/Editor/MakeCookedEditorAsDLC/MakeCookedEditorAsDLC.uplugin" 246
"../../../Engine/Plugins/Experimental/BlueprintSnapNodes/BlueprintSnapNodes.uplugin" 247
"../../../Engine/Plugins/Editor/StylusInput/StylusInput.uplugin" 248
"../../../Engine/Plugins/Experimental/ChaosCloth/ChaosCloth.uplugin" 249
"../../../Engine/Plugins/Experimental/BackChannel/BackChannel.uplugin" 250
"../../../Engine/Plugins/Experimental/ChaosCaching/ChaosCaching.uplugin" 251
"../../../Engine/Plugins/Experimental/AssetPlacementEdMode/AssetPlacementEdMode.uplugin" 252
"../../../Engine/Plugins/Experimental/ChaosUserDataPT/ChaosUserDataPT.uplugin" 253
"../../../Engine/Plugins/Experimental/ChaosEditor/ChaosEditor.uplugin" 254
"../../../Engine/Plugins/Experimental/ChaosClothEditor/ChaosClothEditor.uplugin" 255
"../../../Engine/Plugins/Experimental/CinematicPrestreaming/CinematicPrestreaming.uplugin" 256
"../../../Engine/Plugins/Editor/GuidedTutorials/GuidedTutorials.uplugin" 257
"../../../Engine/Plugins/Experimental/ControlFlows/ControlFlows.uplugin" 258
"../../../Engine/Plugins/Experimental/ActorPalette/ActorPalette.uplugin" 259
"../../../Engine/Plugins/Experimental/DataInterface/DataInterface.uplugin" 260
"../../../Engine/Plugins/Experimental/ChaosVehiclesPlugin/ChaosVehiclesPlugin.uplugin" 261
"../../../Engine/Plugins/Experimental/CharacterAI/CharacterAI.uplugin" 262
"../../../Engine/Plugins/Experimental/CodeView/CodeView.uplugin" 263
"../../../Engine/Plugins/Experimental/AppleVision/AppleVision.uplugin" 264
"../../../Engine/Plugins/Experimental/ColorCorrectRegions/ColorCorrectRegions.uplugin" 265
"../../../Engine/Plugins/Editor/EditorScriptingUtilities/EditorScriptingUtilities.uplugin" 266
"../../../Engine/Plugins/Experimental/ExampleAssetEditor/ExampleAssetEditor.uplugin" 267
"../../../Engine/Plugins/Experimental/GeometryScripting/GeometryScripting.uplugin" 268
"../../../Engine/Plugins/Experimental/CommonConversation/CommonConversation.uplugin" 269
"../../../Engine/Plugins/Experimental/GeometryCollectionPlugin/GeometryCollectionPlugin.uplugin" 270
"../../../Engine/Plugins/Experimental/Chooser/Chooser.uplugin" 271
"../../../Engine/Plugins/Experimental/GameplayBehaviors/GameplayBehaviors.uplugin" 272
"../../../Engine/Plugins/Experimental/GPULightmass/GPULightmass.uplugin" 273
"../../../Engine/Plugins/Experimental/DefaultInstallBundleManager/DefaultInstallBundleManager.uplugin" 274
"../../../Engine/Plugins/Experimental/GeometryCacheAbcFile/GeometryCacheAbcFile.uplugin" 275
"../../../Engine/Plugins/Experimental/CommonUI/CommonUI.uplugin" 276
"../../../Engine/Plugins/Experimental/Gauntlet/Gauntlet.uplugin" 277
"../../../Engine/Plugins/Experimental/FullBodyIK/FullBodyIK.uplugin" 278
"../../../Engine/Plugins/Experimental/Iris/Iris.uplugin" 279
"../../../Engine/Plugins/Experimental/LiveLinkControlRig/LiveLinkControlRig.uplugin" 280
"../../../Engine/Plugins/Experimental/GameFeatures/GameFeatures.uplugin" 281
"../../../Engine/Plugins/Experimental/GizmoEdMode/GizmoEdMode.uplugin" 282
"../../../Engine/Plugins/Experimental/ChaosSolverPlugin/ChaosSolverPlugin.uplugin" 283
"../../../Engine/Plugins/Experimental/MeshLODToolset/MeshLODToolset.uplugin" 284
"../../../Engine/Plugins/Experimental/BlueprintStats/BlueprintStats.uplugin" 285
"../../../Engine/Plugins/Experimental/GeometryFlow/GeometryFlow.uplugin" 286
"../../../Engine/Plugins/Experimental/MeshModelingToolsetExp/MeshModelingToolsetExp.uplugin" 287
"../../../Engine/Plugins/Experimental/ImagePlate/ImagePlate.uplugin" 288
"../../../Engine/Plugins/Experimental/DataInterfaceGraph/DataInterfaceGraph.uplugin" 289
"../../../Engine/Plugins/Experimental/JWT/JWT.uplugin" 290
"../../../Engine/Plugins/Experimental/Dataflow/Dataflow.uplugin" 291
"../../../Engine/Plugins/Experimental/Landmass/Landmass.uplugin" 292
"../../../Engine/Plugins/Experimental/CodeEditor/CodeEditor.uplugin" 293
"../../../Engine/Plugins/Experimental/ImpostorBaker/ImpostorBaker.uplugin" 294
"../../../Engine/Plugins/Experimental/ChaosNiagara/ChaosNiagara.uplugin" 295
"../../../Engine/Plugins/Experimental/FieldSystemPlugin/FieldSystemPlugin.uplugin" 296
"../../../Engine/Plugins/Experimental/GizmoFramework/GizmoFramework.uplugin" 297
"../../../Engine/Plugins/Experimental/LiveLinkFaceImporter/LiveLinkFaceImporter.uplugin" 298
"../../../Engine/Plugins/Experimental/MotorSimOutputMotoSynth/MotorSimOutputMotoSynth.uplugin" 299
"../../../Engine/Plugins/Experimental/NaniteDisplacedMesh/NaniteDisplacedMesh.uplugin" 300
"../../../Engine/Plugins/Experimental/MotoSynth/MotoSynth.uplugin" 301
"../../../Engine/Plugins/Experimental/OpenImageDenoise/OpenImageDenoise.uplugin" 302
"../../../Engine/Plugins/Experimental/LandscapePatch/LandscapePatch.uplugin" 303
"../../../Engine/Plugins/Experimental/PlanarCutPlugin/PlanarCut.uplugin" 304
"../../../Engine/Plugins/Experimental/PanoramicCapture/PanoramicCapture.uplugin" 305
"../../../Engine/Plugins/Experimental/Mutable/Mutable.uplugin" 306
"../../../Engine/Plugins/Experimental/RenderGrid/RenderGrid.uplugin" 307
"../../../Engine/Plugins/Experimental/PCG/PCG.uplugin" 308
"../../../Engine/Plugins/Experimental/OptiXDenoise/OptiXDenoise.uplugin" 309
"../../../Engine/Plugins/Experimental/ModularGameplay/ModularGameplay.uplugin" 310
"../../../Engine/Plugins/Experimental/RawInput/RawInput.uplugin" 311
"../../../Engine/Plugins/Experimental/ScreenReader/ScreenReader.uplugin" 312
"../../../Engine/Plugins/Experimental/SampleToolsEditorMode/SampleToolsEditorMode.uplugin" 313
"../../../Engine/Plugins/Experimental/PhysicsControl/PhysicsControl.uplugin" 314
"../../../Engine/Plugins/Experimental/ProxyLODPlugin/ProxyLODPlugin.uplugin" 315
"../../../Engine/Plugins/Experimental/Shotgrid/Shotgrid.uplugin" 316
"../../../Engine/Plugins/Experimental/SkeletalReduction/SkeletalReduction.uplugin" 317
"../../../Engine/Plugins/Experimental/SimpleHMD/SimpleHMD.uplugin" 318
"../../../Engine/Plugins/Experimental/HairModelingToolset/HairModelingToolset.uplugin" 319
"../../../Engine/Plugins/Experimental/PlatformCrypto/PlatformCrypto.uplugin" 320
"../../../Engine/Plugins/Experimental/StaticMeshEditorModeling/StaticMeshEditorModeling.uplugin" 321
"../../../Engine/Plugins/Experimental/NNI/NeuralNetworkInference.uplugin" 322
"../../../Engine/Plugins/Experimental/SlateScreenReader/SlateScreenReader.uplugin" 323
"../../../Engine/Plugins/Experimental/RemoteSession/RemoteSession.uplugin" 324
"../../../Engine/Plugins/Experimental/Text3D/Text3D.uplugin" 325
"../../../Engine/Plugins/Experimental/UVEditor/UVEditor.uplugin" 326
"../../../Engine/Plugins/Experimental/PythonFoundationPackages/PythonFoundationPackages.uplugin" 327
"../../../Engine/Plugins/Experimental/UIFramework/UIFramework.uplugin" 328
"../../../Engine/Plugins/Experimental/Volumetrics/Volumetrics.uplugin" 329
"../../../Engine/Plugins/Experimental/StructUtils/StructUtils.uplugin" 330
"../../../Engine/Plugins/Experimental/VirtualHeightfieldMesh/VirtualHeightfieldMesh.uplugin" 331
"../../../Engine/Plugins/Experimental/Water/Water.uplugin" 332
"../../../Engine/Plugins/Experimental/VirtualScouting/VirtualScouting.uplugin" 333
"../../../Engine/Plugins/FX/ExampleCustomDataInterface/ExampleCustomDataInterface.uplugin" 334
"../../../Engine/Plugins/Experimental/WaterExtras/WaterExtras.uplugin" 335
"../../../Engine/Plugins/Experimental/WebSocketNetworking/WebSocketNetworking.uplugin" 336
"../../../Engine/Plugins/Experimental/VirtualCamera/VirtualCamera.uplugin" 337
"../../../Engine/Plugins/FX/CascadeToNiagaraConverter/CascadeToNiagaraConverter.uplugin" 338
"../../../Engine/Plugins/FX/NiagaraSimCaching/NiagaraSimCaching.uplugin" 339
"../../../Engine/Plugins/Experimental/WaveFunctionCollapse/WaveFunctionCollapse.uplugin" 340
"../../../Engine/Plugins/Importers/AlembicHairImporter/AlembicHairImporter.uplugin" 341
"../../../Engine/Plugins/Importers/AlembicImporter/AlembicImporter.uplugin" 342
"../../../Engine/Plugins/Tests/EditorTests/EditorTests.uplugin" 343
"../../../Engine/Plugins/Experimental/WidgetEditorToolPalette/WidgetEditorToolPalette.uplugin" 344
"../../../Engine/Plugins/Importers/USDImporter/USDImporter.uplugin" 345
"../../../Engine/Plugins/FX/NiagaraFluids/NiagaraFluids.uplugin" 346
"../../../Engine/Plugins/Experimental/VirtualProductionUtilities/VirtualProductionUtilities.uplugin" 347
"../../../Engine/Plugins/Importers/USDMultiUser/USDMultiUser.uplugin" 348
"../../../Engine/Plugins/Protocols/MQTT/MQTT.uplugin" 349
"../../../Engine/Plugins/Tests/FunctionalTestingEditor/FunctionalTestingEditor.uplugin" 350
"../../../Engine/Plugins/Tests/FbxAutomationTestBuilder/FbxAutomationTestBuilder.uplugin" 351
"../../../Engine/Plugins/Tests/RuntimeTests/RuntimeTests.uplugin" 352
"../../../Engine/Plugins/Tests/PythonAutomationTest/PythonAutomationTest.uplugin" 353
"../../../Engine/Plugins/Tests/AutomationDriverTests/AutomationDriverTests.uplugin" 354
"../../../Engine/Plugins/Experimental/PythonScriptPlugin/PythonScriptPlugin.uplugin" 355
"../../../Engine/Plugins/Tests/InterchangeTests/InterchangeTests.uplugin" 356
"../../../Engine/Plugins/Media/AjaMedia/AjaMedia.uplugin" 357
"../../../Engine/Plugins/Media/AndroidMedia/AndroidMedia.uplugin" 358
"../../../Engine/Plugins/FX/Niagara/Niagara.uplugin" 359
"../../../Engine/Plugins/Tests/RHITests/RHITests.uplugin" 360
"../../../Engine/Plugins/Media/AudioCaptureTimecodeProvider/AudioCaptureTimecodeProvider.uplugin" 361
"../../../Engine/Plugins/Media/BinkMedia/BinkMedia.uplugin" 362
"../../../Engine/Plugins/Media/AndroidCamera/AndroidCamera.uplugin" 363
"../../../Engine/Plugins/Experimental/TextToSpeech/TextToSpeech.uplugin" 364
"../../../Engine/Plugins/Media/ElectraSubtitles/ElectraSubtitles.uplugin" 365
"../../../Engine/Plugins/Media/ElectraPlayer/ElectraPlayer.uplugin" 366
"../../../Engine/Plugins/Media/ElectraUtil/ElectraUtil.uplugin" 367
"../../../Engine/Plugins/Media/HardwareEncoders/HardwareEncoders.uplugin" 368
"../../../Engine/Plugins/Tests/TestSamples/TestSamples.uplugin" 369
"../../../Engine/Plugins/Media/HLMedia/HLMedia.uplugin" 370
"../../../Engine/Plugins/Media/ElectraCDM/ElectraCDM.uplugin" 371
"../../../Engine/Plugins/Media/AppleProResMedia/AppleProResMedia.uplugin" 372
"../../../Engine/Plugins/Media/MediaCompositing/MediaCompositing.uplugin" 373
"../../../Engine/Plugins/Media/AvidDNxMedia/AvidDNxMedia.uplugin" 374
"../../../Engine/Plugins/Media/AvfMedia/AvfMedia.uplugin" 375
"../../../Engine/Plugins/Media/PixelCapture/PixelCapture.uplugin" 376
"../../../Engine/Plugins/Media/BlackmagicMedia/BlackmagicMedia.uplugin" 377
"../../../Engine/Plugins/Media/LinearTimecode/LinearTimecode.uplugin" 378
"../../../Engine/Plugins/Media/MediaFrameworkUtilities/MediaFrameworkUtilities.uplugin" 379
"../../../Engine/Plugins/Media/PixelStreamingPlayer/PixelStreamingPlayer.uplugin" 380
"../../../Engine/Plugins/Media/MediaIOFramework/MediaIOFramework.uplugin" 381
"../../../Engine/Plugins/Media/TimecodeSynchronizer/TimecodeSynchronizer.uplugin" 382
"../../../Engine/Plugins/Messaging/UdpMessaging/UdpMessaging.uplugin" 383
"../../../Engine/Plugins/Media/WmfMedia/WmfMedia.uplugin" 384
"../../../Engine/Plugins/Media/ImgMedia/ImgMedia.uplugin" 385
"../../../Engine/Plugins/MovieScene/LevelSequenceEditor/LevelSequenceEditor.uplugin" 386
"../../../Engine/Plugins/MovieScene/CustomizableSequencerTracks/CustomizableSequencerTracks.uplugin" 387
"../../../Engine/Plugins/Messaging/TcpMessaging/TcpMessaging.uplugin" 388
"../../../Engine/Plugins/Media/MfMedia/MfMedia.uplugin" 389
"../../../Engine/Plugins/MovieScene/ReplayTracks/ReplayTracks.uplugin" 390
"../../../Engine/Plugins/Media/HAPMedia/HAPMedia.uplugin" 391
"../../../Engine/Plugins/MovieScene/MovieRenderPipeline/MovieRenderPipeline.uplugin" 392
"../../../Engine/Plugins/MovieScene/TemplateSequence/TemplateSequence.uplugin" 393
"../../../Engine/Plugins/Media/MediaMovieStreamer/MediaMovieStreamer.uplugin" 394
"../../../Engine/Plugins/Media/WebMMedia/WebMMedia.uplugin" 395
"../../../Engine/Plugins/Media/MediaPlayerEditor/MediaPlayerEditor.uplugin" 396
"../../../Engine/Plugins/MovieScene/SequencerScripting/SequencerScripting.uplugin" 397
"../../../Engine/Plugins/MovieScene/ActorSequence/ActorSequence.uplugin" 398
"../../../Engine/Plugins/Media/PixelStreaming/PixelStreaming.uplugin" 399
"../../../Engine/Plugins/2D/Paper2D/Paper2D.uplugin" 400
"../../../Engine/Plugins/Animation/AnimationModifierLibrary/AnimationModifierLibrary.uplugin" 401
"../../../Engine/Plugins/MovieScene/MoviePipelineMaskRenderPass/MoviePipelineMaskRenderPass.uplugin" 402
"../../../Engine/Plugins/Animation/ControlRigSpline/ControlRigSpline.uplugin" 403
"../../../Engine/Plugins/Animation/DeformerGraph/DeformerGraph.uplugin" 404
"../../../Engine/Plugins/Animation/AnimationWarping/AnimationWarping.uplugin" 405
"../../../Engine/Plugins/Animation/RigLogic/RigLogic.uplugin" 406
"../../../Engine/Plugins/Media/MediaPlate/MediaPlate.uplugin" 407
"../../../Engine/Plugins/Animation/BlendSpaceMotionAnalysis/BlendSpaceMotionAnalysis.uplugin" 408
"../../../Engine/Plugins/Animation/GameplayInsights/GameplayInsights.uplugin" 409
"../../../Engine/Plugins/Animation/AnimationLocomotionLibrary/AnimationLocomotionLibrary.uplugin" 410
"../../../Engine/Plugins/Animation/ControlRig/ControlRig.uplugin" 411
"../../../Engine/Plugins/Animation/MotionWarping/MotionWarping.uplugin" 412
"../../../Engine/Plugins/Animation/IKRig/IKRig.uplugin" 413
"../../../Engine/Plugins/Portal/LauncherChunkInstaller/LauncherChunkInstaller.uplugin" 414
"../../../Engine/Plugins/Web/HttpBlueprint/HttpBlueprint.uplugin" 415
"../../../Engine/Plugins/Animation/LiveLink/LiveLink.uplugin" 416
"../../../Engine/Plugins/Messaging/MessagingDebugger/MessagingDebugger.uplugin" 417
"../../../Engine/Plugins/Runtime/Analytics/AnalyticsBlueprintLibrary/AnalyticsBlueprintLibrary.uplugin" 418
"../../../Engine/Plugins/Animation/LiveLinkCurveDebugUI/LiveLinkCurveDebugUI.uplugin" 419
"../../../Engine/Plugins/Runtime/Oculus/OculusAudio/OculusAudio.uplugin" 420
"../../../Engine/Plugins/Runtime/Analytics/Adjust/Adjust.uplugin" 421
"../../../Engine/Plugins/Runtime/Oculus/OculusVR/OculusVR.uplugin" 422
"../../../Engine/Plugins/Animation/AnimToTexture/AnimToTexture.uplugin" 423
"../../../Engine/Plugins/Runtime/Analytics/AnalyticsMulticast/AnalyticsMulticast.uplugin" 424
"../../../Engine/Plugins/Runtime/Analytics/Flurry/Flurry.uplugin" 425
"../../../Engine/Plugins/Runtime/AR/AzureSpatialAnchors/AzureSpatialAnchors.uplugin" 426
"../../../Engine/Plugins/Runtime/AR/AzureSpatialAnchorsForARKit/AzureSpatialAnchorsForARKit.uplugin" 427
"../../../Engine/Plugins/Runtime/Nvidia/GeForceNOWWrapper/GeForceNOWWrapper.uplugin" 428
"../../../Engine/Plugins/Runtime/Analytics/FileLogging/FileLogging.uplugin" 429
"../../../Engine/Plugins/Runtime/Nvidia/Reflex/Reflex.uplugin" 430
"../../../Engine/Plugins/Runtime/Database/RemoteDatabaseSupport/RemoteDatabaseSupport.uplugin" 431
"../../../Engine/Plugins/Runtime/Database/ADOSupport/ADOSupport.uplugin" 432
"../../../Engine/Plugins/Runtime/AR/AzureSpatialAnchorsForARCore/AzureSpatialAnchorsForARCore.uplugin" 433
"../../../Engine/Plugins/VirtualProduction/Rivermax/RivermaxMedia/RivermaxMedia.uplugin" 434
"../../../Engine/Plugins/Runtime/Database/SQLiteSupport/SQLiteSupport.uplugin" 435
"../../../Engine/Plugins/Runtime/Database/SQLiteCore/SQLiteCore.uplugin" 436
"../../../Engine/Plugins/Developer/Concert/ConcertMain/ConcertMain.uplugin" 437
"../../../Engine/Plugins/VirtualProduction/Rivermax/RivermaxCore/RivermaxCore.uplugin" 438
"../../../Engine/Plugins/Runtime/AR/ARUtilities/ARUtilities.uplugin" 439
"../../../Engine/Plugins/Online/VoiceChat/VoiceChat/VoiceChat.uplugin" 440
"../../../Engine/Plugins/VirtualProduction/DMX/DMXDisplayCluster/DMXDisplayCluster.uplugin" 441
"../../../Engine/Plugins/Experimental/VirtualProduction/LedWallCalibration/LedWallCalibration.uplugin" 442
"../../../Engine/Plugins/Runtime/MeshReconstruction/DummyMeshReconstructor/DummyMeshReconstructor.uplugin" 443
"../../../Engine/Plugins/VirtualProduction/DMX/DMXModularFeatures/DMXModularFeatures.uplugin" 444
"../../../Engine/Plugins/VirtualProduction/DMX/DMXFixtures/DMXFixtures.uplugin" 445
"../../../Engine/Plugins/Online/Android/AndroidFetchBackgroundDownload/AndroidFetchBackgroundDownload.uplugin" 446
"../../../Engine/Plugins/Online/VoiceChat/EOSVoiceChat/EOSVoiceChat.uplugin" 447
"../../../Engine/Plugins/Experimental/AR/PointCloud/PointCloud.uplugin" 448
"../../../Engine/Plugins/Online/Android/OnlineSubsystemGooglePlay/OnlineSubsystemGooglePlay.uplugin" 449
"../../../Engine/Plugins/VirtualProduction/DMX/DMXProtocol/DMXProtocol.uplugin" 450
"../../../Engine/Plugins/Editor/ContentBrowser/ContentBrowserAliasDataSoure/ContentBrowserAliasDataSource.uplugin" 451
"../../../Engine/Plugins/VirtualProduction/DMX/DMXPixelMapping/DMXPixelMapping.uplugin" 452
"../../../Engine/Plugins/VirtualProduction/DMX/DMXEngine/DMXEngine.uplugin" 453
"../../../Engine/Plugins/Editor/ContentBrowser/ContentBrowserAssetDataSource/ContentBrowserAssetDataSource.uplugin" 454
"../../../Engine/Plugins/Editor/ObjectMixer/ObjectMixer/ObjectMixer.uplugin" 455
"../../../Engine/Plugins/Runtime/PacketHandlers/DTLSHandlerComponent/DTLSHandlerComponent.uplugin" 456
"../../../Engine/Plugins/Runtime/Windows/WinDualShock/WinDualShock.uplugin" 457
"../../../Engine/Plugins/Runtime/XR/XRVisualization/XRVisualization.uplugin" 458
"../../../Engine/Plugins/Experimental/Enterprise/DataprepGeometryOperations/DataprepGeometryOperations.uplugin" 459
"../../../Engine/Plugins/Experimental/Enterprise/DatasmithRuntime/DatasmithRuntime.uplugin" 460
"../../../Engine/Plugins/Runtime/PacketHandlers/AESHandlerComponent/AESHandlerComponent.uplugin" 461
"../../../Engine/Plugins/Editor/ContentBrowser/ContentBrowserClassDataSource/ContentBrowserClassDataSource.uplugin" 462
"../../../Engine/Plugins/Online/IOS/OnlineSubsystemIOS/OnlineSubsystemIOS.uplugin" 463
"../../../Engine/Plugins/Runtime/PacketHandlers/AESGCMHandlerComponent/AESGCMHandlerComponent.uplugin" 464
"../../../Engine/Plugins/Runtime/Steam/SteamAudio/SteamAudio.uplugin" 465
"../../../Engine/Plugins/Experimental/Web/WebAPI/WebAPI.uplugin" 466
"../../../Engine/Plugins/Editor/ContentBrowser/ContentBrowserFileDataSource/ContentBrowserFileDataSource.uplugin" 467
"../../../Engine/Plugins/Runtime/Steam/SteamShared/SteamShared.uplugin" 468
"../../../Engine/Plugins/Editor/ObjectMixer/LightMixer/LightMixer.uplugin" 469
"../../../Engine/Plugins/Experimental/Animation/ContextualAnimation/ContextualAnimation.uplugin" 470
"../../../Engine/Plugins/Experimental/Animation/PoseSearch/PoseSearch.uplugin" 471
"../../../Engine/Plugins/Experimental/Enterprise/DatasmithInterchange/DatasmithInterchange.uplugin" 472
"../../../Engine/Plugins/Runtime/Database/DatabaseSupport/DatabaseSupport.uplugin" 473
"../../../Engine/Plugins/Experimental/Animation/MotionTrajectory/MotionTrajectory.uplugin" 474
"../../../Engine/Plugins/Runtime/Steam/SteamSockets/SteamSockets.uplugin" 475
"../../../Engine/Plugins/Animation/MLDeformer/MLDeformerFramework/MLDeformerFramework.uplugin" 476
"../../../Engine/Plugins/Animation/MLDeformer/VertexDeltaModel/VertexDeltaModel.uplugin" 477
"../../../Engine/Plugins/Runtime/Steam/SteamVR/SteamVR.uplugin" 478
"../../../Engine/Plugins/Runtime/Steam/SteamController/SteamController.uplugin" 479
"../../../Engine/Plugins/Experimental/Animation/Optimus/Optimus.uplugin" 480
"../../../Engine/Plugins/Experimental/Animation/SkeletalMeshModelingTools/SkeletalMeshModelingTools.uplugin" 481
"../../../Engine/Plugins/Animation/MLDeformer/NearestNeighborModel/NearestNeighborModel.uplugin" 482
"../../../Engine/Plugins/VirtualProduction/DMX/DatasmithMVR/DatasmithMVR.uplugin" 483
"../../../Engine/Plugins/Animation/MLDeformer/NeuralMorphModel/NeuralMorphModel.uplugin" 484
"../../../Engine/Plugins/Runtime/Advertising/IOSTapJoy/IOSTapJoy.uplugin" 485
"../../../Engine/Plugins/Developer/Concert/ConcertApp/DisasterRecoveryClient/DisasterRecoveryClient.uplugin" 486
"../../../Engine/Plugins/Experimental/Animation/CurveExpression/CurveExpression.uplugin" 487
"../../../Engine/Plugins/Developer/Concert/ConcertApp/MultiUserClient/MultiUserClient.uplugin" 488
"../../../Engine/Plugins/Runtime/AR/AppleAR/AppleARKit/AppleARKit.uplugin" 489
"../../../Engine/Plugins/Developer/Concert/ConcertUI/ConcertClientSharedSlate/ConcertClientSharedSlate.uplugin" 490
"../../../Engine/Plugins/Runtime/AR/AppleAR/AppleARKitFaceSupport/AppleARKitFaceSupport.uplugin" 491
"../../../Engine/Plugins/Runtime/AR/Google/GoogleARCoreServices/GoogleARCoreServices.uplugin" 492
"../../../Engine/Plugins/Runtime/AR/Google/GoogleARCore/GoogleARCore.uplugin" 493
"../../../Engine/Plugins/Developer/Concert/ConcertSync/ConcertSyncCore/ConcertSyncCore.uplugin" 494
"../../../Engine/Plugins/Developer/Concert/ConcertUI/ConcertSharedSlate/ConcertSharedSlate.uplugin" 495
"../../../Engine/Plugins/Developer/Concert/ConcertApp/MultiUserServer/MultiUserServer.uplugin" 496
"../../../Engine/Plugins/Developer/Concert/ConcertSync/ConcertSyncTest/ConcertSyncTest.uplugin" 497
"../../../Engine/Plugins/Developer/Concert/ConcertSync/ConcertSyncServer/ConcertSyncServer.uplugin" 498
"../../../Engine/Plugins/Developer/Concert/ConcertSync/ConcertSyncClient/ConcertSyncClient.uplugin" 499
"../../../Engine/Platforms/HoloLens/Plugins/Online/OnlineServicesEOSGS/OnlineServicesEOSGS_HoloLens.uplugin" 500
"../../../Engine/Platforms/HoloLens/Plugins/Media/BinkMedia/BinkMedia_HoloLens.uplugin" 501
"../../../Engine/Platforms/HoloLens/Plugins/Media/MfMedia/MfMedia_HoloLens.uplugin" 502
"../../../Engine/Platforms/HoloLens/Plugins/Runtime/OpenXR/OpenXR_HoloLens.uplugin" 503
"../../../Engine/Platforms/HoloLens/Plugins/Runtime/OpenXREyeTracker/OpenXREyeTracker_HoloLens.uplugin" 504
"../../../Engine/Platforms/HoloLens/Plugins/Media/HLMedia/HLMedia_HoloLens.uplugin" 505
"../../../Engine/Platforms/HoloLens/Plugins/Compression/OodleNetwork/OodleNetwork_HoloLens.uplugin" 506
"../../../Engine/Platforms/HoloLens/Plugins/Runtime/MicrosoftSpatialAudio/MicroSoftSpatialSound_HoloLens.uplugin" 507
"../../../Engine/Platforms/HoloLens/Plugins/Runtime/GeoReferencing/GeoReferencing_HoloLens.uplugin" 508
"../../../Engine/Platforms/HoloLens/Plugins/Online/OnlineServicesEOS/OnlineServicesEOS_HoloLens.uplugin" 509
"../../../Engine/Platforms/HoloLens/Plugins/Runtime/AR/AzureSpatialAnchors/AzureSpatialAnchors_HoloLens.uplugin" 510
"../../../Engine/Platforms/HoloLens/Plugins/Runtime/OpenXRMsftHandInteraction/OpenXRMsftHandInteraction_HoloLens.uplugin" 511
"../../../Engine/Platforms/HoloLens/Plugins/Runtime/OpenXRHandTracking/OpenXRHandTracking_HoloLens.uplugin" 512
"../../../Engine/Platforms/HoloLens/Plugins/Runtime/ApexDestruction/ApexDestruction_HoloLens.uplugin" 513
"../../../Engine/Content/Internationalization/icudt64l/cnvalias.icu" 514
"../../../Engine/Content/Internationalization/icudt64l/res_index.res" 515
"../../../Engine/Content/Internationalization/icudt64l/plurals.res" 516
"../../../Engine/Content/Internationalization/icudt64l/lang/ja_JP.res" 517
"../../../Engine/Content/Internationalization/icudt64l/lang/pool.res" 518
"../../../Engine/Content/Internationalization/icudt64l/lang/ja.res" 519
"../../../Engine/Content/Internationalization/icudt64l/lang/root.res" 520
"../../../Engine/Content/Internationalization/icudt64l/region/ja_JP.res" 521
"../../../Engine/Content/Internationalization/icudt64l/region/pool.res" 522
"../../../Engine/Content/Internationalization/icudt64l/region/ja.res" 523
"../../../Engine/Content/Internationalization/icudt64l/region/root.res" 524
"../../../Engine/Content/Internationalization/icudt64l/lang/en.res" 525
"../../../Engine/Content/Internationalization/icudt64l/region/en.res" 526
"../../../Engine/Content/Internationalization/icudt64l/windowsZones.res" 527
"../../../Engine/Content/Internationalization/icudt64l/zoneinfo64.res" 528
"../../../Engine/Content/Internationalization/icudt64l/keyTypeData.res" 529
"../../../Engine/Content/Internationalization/icudt64l/timezoneTypes.res" 530
"../../../Engine/Content/Internationalization/icudt64l/likelySubtags.res" 531
"../../../Engine/Content/Internationalization/icudt64l/ja_JP.res" 532
"../../../Engine/Content/Internationalization/icudt64l/pool.res" 533
"../../../Engine/Content/Internationalization/icudt64l/ja.res" 534
"../../../Engine/Content/Internationalization/icudt64l/root.res" 535
"../../../Engine/Content/Internationalization/icudt64l/supplementalData.res" 536
"../../../Engine/Config/ConfigRedirects.ini" 537
"C:/Users/kbc12306075/AppData/Local/UnrealEngine/5.1/Saved/Config/WindowsEditor/Manifest.ini" 538
"../../../Engine/Config/Base.ini" 539
"../../../Engine/Config/BaseEngine.ini" 540
"../../../Engine/Config/IOS/BaseIOSEngine.ini" 541
"../../../Engine/Config/Android/BaseAndroidEngine.ini" 542
"../../../../../../PinBall/Config/DefaultEngine.ini" 543
"../../../Engine/Config/IOS/IOSEngine.ini" 544
"../../../Engine/Config/Android/AndroidEngine.ini" 545
"../../../Engine/Config/TVOS/TVOSEngine.ini" 546
"../../../Engine/Config/HoloLens/HoloLensEngine.ini" 547
"../../../../../../PinBall/Platforms/HoloLens/Config/HoloLensEngine.ini" 548
"../../../Engine/Config/Linux/BaseLinuxEngine.ini" 549
"../../../Engine/Config/BaseGame.ini" 550
"../../../Engine/Config/Windows/BaseWindowsEngine.ini" 551
"../../../Engine/Config/Mac/BaseMacEngine.ini" 552
"../../../Engine/Config/IOS/BaseIOSGame.ini" 553
"../../../Engine/Config/Android/BaseAndroidGame.ini" 554
"../../../../../../PinBall/Config/DefaultGame.ini" 555
"../../../Engine/Config/IOS/IOSGame.ini" 556
"../../../Engine/Config/Unix/UnixEngine.ini" 557
"../../../Engine/Config/Linux/LinuxEngine.ini" 558
"../../../Engine/Config/Mac/MacEngine.ini" 559
"../../../Engine/Config/HoloLens/HoloLensGame.ini" 560
"../../../Engine/Config/LinuxArm64/LinuxArm64Engine.ini" 561
"../../../Engine/Config/Windows/WindowsEngine.ini" 562
"../../../Engine/Config/BaseInput.ini" 563
"../../../../../../PinBall/Config/DefaultInput.ini" 564
"../../../Engine/Config/Mac/MacGame.ini" 565
"C:/PinBall/Saved/Config/WindowsEditor/Engine.ini" 566
"../../../Engine/Config/BaseDeviceProfiles.ini" 567
"../../../Engine/Config/Windows/WindowsGame.ini" 568
"C:/PinBall/Saved/Config/WindowsEditor/Game.ini" 569
"../../../Engine/Config/BaseGameUserSettings.ini" 570
"../../../Engine/Config/Linux/LinuxGame.ini" 571
"../../../Engine/Config/BaseScalability.ini" 572
"../../../Engine/Config/Android/AndroidScalability.ini" 573
"../../../Engine/Config/IOS/IOSScalability.ini" 574
"C:/PinBall/Saved/Config/WindowsEditor/Input.ini" 575
"../../../Engine/Config/BaseRuntimeOptions.ini" 576
"../../../Engine/Config/BaseInstallBundle.ini" 577
"../../../Engine/Config/BaseHardware.ini" 578
"C:/PinBall/Saved/Config/WindowsEditor/DeviceProfiles.ini" 579
"C:/PinBall/Saved/Config/WindowsEditor/GameUserSettings.ini" 580
"C:/PinBall/Saved/Config/WindowsEditor/Scalability.ini" 581
"C:/PinBall/Saved/Config/WindowsEditor/RuntimeOptions.ini" 582
"C:/PinBall/Saved/Config/WindowsEditor/Hardware.ini" 583
"../../../Engine/Config/BaseCompat.ini" 584
"C:/PinBall/Saved/Config/WindowsEditor/Compat.ini" 585
"../../../Engine/Config/BaseLightmass.ini" 586
"C:/PinBall/Saved/Config/WindowsEditor/Lightmass.ini" 587
"../../../Engine/Config/BaseEditor.ini" 588
"../../../../../../PinBall/Config/DefaultEditor.ini" 589
"C:/PinBall/Saved/Config/WindowsEditor/Editor.ini" 590
"../../../Engine/Config/BaseEditorPerProjectUserSettings.ini" 591
"../../../../../../PinBall/Config/DefaultEditorPerProjectUserSettings.ini" 592
"../../../Engine/Config/Windows/WindowsEditorPerProjectUserSettings.ini" 593
"C:/PinBall/Saved/Config/WindowsEditor/EditorPerProjectUserSettings.ini" 594
"../../../Engine/Config/BaseEditorSettings.ini" 595
"C:/Users/kbc12306075/AppData/Local/UnrealEngine/5.1/Saved/Config/WindowsEditor/EditorSettings.ini" 596
"../../../Engine/Config/BaseEditorKeyBindings.ini" 597
"C:/Users/kbc12306075/AppData/Local/UnrealEngine/5.1/Saved/Config/WindowsEditor/EditorKeyBindings.ini" 598
"C:/Users/kbc12306075/AppData/Local/UnrealEngine/5.1/Saved/Config/WindowsEditor/EditorLayout.ini" 599
"../../../Engine/Binaries/Win64/BootstrapPackagedGame-Win64-Shipping.target" 600
"../../../Engine/Binaries/Win64/BuildPatchTool-Win64-Shipping.target" 601
"../../../Engine/Binaries/Win64/CrashReportClient-Win64-Shipping.target" 602
"../../../Engine/Binaries/Win64/CrashReportClientEditor-Win64-Shipping.target" 603
"../../../Engine/Binaries/Win64/DatasmithCADWorker.target" 604
"../../../Engine/Binaries/Win64/EpicWebHelper.target" 605
"../../../Engine/Binaries/Win64/LiveCodingConsole.target" 606
"../../../Engine/Binaries/Win64/ShaderCompileWorker.target" 607
"../../../Engine/Binaries/Win64/SwitchboardListener.target" 608
"../../../Engine/Binaries/Win64/UnrealEditor-Win64-DebugGame.target" 609
"../../../Engine/Binaries/Win64/UnrealEditor.target" 610
"../../../Engine/Plugins/EnhancedInput/Config/BaseEnhancedInput.ini" 611
"C:/PinBall/Saved/Config/WindowsEditor/EnhancedInput.ini" 612
"../../../Engine/Plugins/Enterprise/DatasmithContent/Config/BaseDatasmithContent.ini" 613
"C:/PinBall/Saved/Config/WindowsEditor/DatasmithContent.ini" 614
"../../../Engine/Plugins/Enterprise/GLTFExporter/Config/BaseGLTFExporter.ini" 615
"../../../Engine/Plugins/Enterprise/GLTFExporter/Config/DefaultGLTFExporter.ini" 616
"C:/PinBall/Saved/Config/WindowsEditor/GLTFExporter.ini" 617
"../../../Engine/Plugins/Enterprise/VariantManagerContent/Config/BaseVariantManagerContent.ini" 618
"C:/PinBall/Saved/Config/WindowsEditor/VariantManagerContent.ini" 619
"../../../Engine/Plugins/Runtime/Metasound/Config/BaseMetasound.ini" 620
"C:/PinBall/Saved/Config/WindowsEditor/Metasound.ini" 621
"../../../Engine/Plugins/Runtime/Synthesis/Config/BaseSynthesis.ini" 622
"C:/PinBall/Saved/Config/WindowsEditor/Synthesis.ini" 623
"../../../Engine/Plugins/Interchange/Runtime/Config/BaseInterchange.ini" 624
"C:/PinBall/Saved/Config/WindowsEditor/Interchange.ini" 625
"../../../Engine/Plugins/Interchange/Runtime/Config/Game.ini" 626
"../../../Engine/Plugins/Developer/TraceDataFiltering/Config/BaseTraceDataFilters.ini" 627
"C:/PinBall/Saved/Config/WindowsEditor/TraceDataFilters.ini" 628
"../../../Engine/Plugins/Editor/EditorScriptingUtilities/Config/BaseEditorScriptingUtilities.ini" 629
"C:/PinBall/Saved/Config/WindowsEditor/EditorScriptingUtilities.ini" 630
"../../../Engine/Plugins/Experimental/FullBodyIK/Config/BaseFullBodyIK.ini" 631
"C:/PinBall/Saved/Config/WindowsEditor/FullBodyIK.ini" 632
"../../../Engine/Plugins/FX/Niagara/Config/BaseNiagara.ini" 633
"C:/PinBall/Saved/Config/WindowsEditor/Niagara.ini" 634
"../../../Engine/Plugins/2D/Paper2D/Config/BasePaper2D.ini" 635
"C:/PinBall/Saved/Config/WindowsEditor/Paper2D.ini" 636
"../../../Engine/Plugins/Animation/IKRig/Config/BaseIKRig.ini" 637
"../../../Engine/Plugins/Animation/ControlRig/Config/BaseControlRig.ini" 638
"C:/PinBall/Saved/Config/WindowsEditor/ControlRig.ini" 639
"../../../Engine/Plugins/Editor/ModelingToolsEditorMode/Binaries/Win64/UnrealEditor.modules" 640
"../../../Engine/Plugins/Runtime/MeshModelingToolset/Binaries/Win64/UnrealEditor.modules" 641
"../../../Engine/Plugins/Experimental/MeshModelingToolsetExp/Binaries/Win64/UnrealEditor.modules" 642
"../../../Engine/Plugins/Experimental/MeshLODToolset/Binaries/Win64/UnrealEditor.modules" 643
"../../../Engine/Plugins/Editor/StylusInput/Binaries/Win64/UnrealEditor.modules" 644
"../../../Engine/Plugins/Runtime/GeometryProcessing/Binaries/Win64/UnrealEditor.modules" 645
"../../../Engine/Plugins/Experimental/ProxyLODPlugin/Binaries/Win64/UnrealEditor.modules" 646
"../../../Engine/Plugins/Experimental/GeometryFlow/Binaries/Win64/UnrealEditor.modules" 647
"../../../Engine/Plugins/Editor/EditorScriptingUtilities/Binaries/Win64/UnrealEditor.modules" 648
"../../../Engine/Plugins/EnhancedInput/Binaries/Win64/UnrealEditor.modules" 649
"../../../Engine/Plugins/Bridge/Binaries/Win64/UnrealEditor.modules" 650
"../../../Engine/Plugins/XGEController/Binaries/Win64/UnrealEditor.modules" 651
"../../../Engine/Plugins/TraceUtilities/Binaries/Win64/UnrealEditor.modules" 652
"../../../Engine/Plugins/FastBuildController/Binaries/Win64/UnrealEditor.modules" 653
"../../../Engine/Plugins/MeshPainting/Binaries/Win64/UnrealEditor.modules" 654
"../../../Engine/Plugins/Interchange/Editor/Binaries/Win64/UnrealEditor.modules" 655
"../../../Engine/Plugins/Interchange/Runtime/Binaries/Win64/UnrealEditor.modules" 656
"../../../Engine/Plugins/Editor/GLTFImporter/Binaries/Win64/UnrealEditor.modules" 657
"../../../Engine/Plugins/Enterprise/VariantManagerContent/Binaries/Win64/UnrealEditor.modules" 658
"../../../Engine/Plugins/Enterprise/VariantManager/Binaries/Win64/UnrealEditor.modules" 659
"../../../Engine/Plugins/AI/EnvironmentQueryEditor/Binaries/Win64/UnrealEditor.modules" 660
"../../../Engine/Plugins/AI/AISupport/Binaries/Win64/UnrealEditor.modules" 661
"../../../Engine/Plugins/Enterprise/DatasmithContent/Binaries/Win64/UnrealEditor.modules" 662
"../../../Engine/Plugins/Enterprise/GLTFExporter/Binaries/Win64/UnrealEditor.modules" 663
"../../../Engine/Plugins/Runtime/ActorLayerUtilities/Binaries/Win64/UnrealEditor.modules" 664
"../../../Engine/Plugins/Runtime/AndroidDeviceProfileSelector/Binaries/Win64/UnrealEditor.modules" 665
"../../../Engine/Plugins/Runtime/AndroidPermission/Binaries/Win64/UnrealEditor.modules" 666
"../../../Engine/Plugins/Runtime/AppleImageUtils/Binaries/Win64/UnrealEditor.modules" 667
"../../../Engine/Plugins/Runtime/ArchVisCharacter/Binaries/Win64/UnrealEditor.modules" 668
"../../../Engine/Plugins/Runtime/AssetTags/Binaries/Win64/UnrealEditor.modules" 669
"../../../Engine/Plugins/Runtime/CableComponent/Binaries/Win64/UnrealEditor.modules" 670
"../../../Engine/Plugins/Runtime/ChunkDownloader/Binaries/Win64/UnrealEditor.modules" 671
"../../../Engine/Plugins/Runtime/AndroidFileServer/Binaries/Win64/UnrealEditor.modules" 672
"../../../Engine/Plugins/Runtime/CustomMeshComponent/Binaries/Win64/UnrealEditor.modules" 673
"../../../Engine/Plugins/Runtime/AudioCapture/Binaries/Win64/UnrealEditor.modules" 674
"../../../Engine/Plugins/Runtime/GeometryCache/Binaries/Win64/UnrealEditor.modules" 675
"../../../Engine/Plugins/FX/Niagara/Binaries/Win64/UnrealEditor.modules" 676
"../../../Engine/Plugins/Experimental/PythonScriptPlugin/Binaries/Win64/UnrealEditor.modules" 677
"../../../Engine/Plugins/Editor/ContentBrowser/ContentBrowserFileDataSource/Binaries/Win64/UnrealEditor.modules" 678
"../../../Engine/Plugins/Runtime/GooglePAD/Binaries/Win64/UnrealEditor.modules" 679
"../../../Engine/Plugins/Runtime/InputDebugging/Binaries/Win64/UnrealEditor.modules" 680
"../../../Engine/Plugins/Runtime/ExampleDeviceProfileSelector/Binaries/Win64/UnrealEditor.modules" 681
"../../../Engine/Plugins/Runtime/LocationServicesBPLibrary/Binaries/Win64/UnrealEditor.modules" 682
"../../../Engine/Plugins/Runtime/MobilePatchingUtils/Binaries/Win64/UnrealEditor.modules" 683
"../../../Engine/Plugins/Runtime/Metasound/Binaries/Win64/UnrealEditor.modules" 684
"../../../Engine/Plugins/Runtime/AudioWidgets/Binaries/Win64/UnrealEditor.modules" 685
"../../../Engine/Plugins/Runtime/AudioSynesthesia/Binaries/Win64/UnrealEditor.modules" 686
"../../../Engine/Plugins/Runtime/WaveTable/Binaries/Win64/UnrealEditor.modules" 687
"../../../Engine/Plugins/Runtime/PropertyAccess/Binaries/Win64/UnrealEditor.modules" 688
"../../../Engine/Plugins/Runtime/ProceduralMeshComponent/Binaries/Win64/UnrealEditor.modules" 689
"../../../Engine/Plugins/Runtime/ResonanceAudio/Binaries/Win64/UnrealEditor.modules" 690
"../../../Engine/Plugins/Runtime/SoundFields/Binaries/Win64/UnrealEditor.modules" 691
"../../../Engine/Plugins/Runtime/Synthesis/Binaries/Win64/UnrealEditor.modules" 692
"../../../Engine/Plugins/Runtime/WindowsDeviceProfileSelector/Binaries/Win64/UnrealEditor.modules" 693
"../../../Engine/Plugins/Runtime/WebMMoviePlayer/Binaries/Win64/UnrealEditor.modules" 694
"../../../Engine/Plugins/Media/WebMMedia/Binaries/Win64/UnrealEditor.modules" 695
"../../../Engine/Plugins/Runtime/WindowsMoviePlayer/Binaries/Win64/UnrealEditor.modules" 696
"../../../Engine/Plugins/Cameras/CameraShakePreviewer/Binaries/Win64/UnrealEditor.modules" 697
"../../../Engine/Plugins/Cameras/GameplayCameras/Binaries/Win64/UnrealEditor.modules" 698
"../../../Engine/Plugins/MovieScene/TemplateSequence/Binaries/Win64/UnrealEditor.modules" 699
"../../../Engine/Plugins/MovieScene/LevelSequenceEditor/Binaries/Win64/UnrealEditor.modules" 700
"../../../Engine/Plugins/MovieScene/SequencerScripting/Binaries/Win64/UnrealEditor.modules" 701
"../../../Engine/Plugins/Compression/OodleNetwork/Binaries/Win64/UnrealEditor.modules" 702
"../../../Engine/Plugins/Online/OnlineBase/Binaries/Win64/UnrealEditor.modules" 703
"../../../Engine/Plugins/Online/OnlineSubsystem/Binaries/Win64/UnrealEditor.modules" 704
"../../../Engine/Plugins/Online/OnlineSubsystemNull/Binaries/Win64/UnrealEditor.modules" 705
"../../../Engine/Plugins/Online/OnlineSubsystemUtils/Binaries/Win64/UnrealEditor.modules" 706
"../../../Engine/Plugins/Online/OnlineServices/Binaries/Win64/UnrealEditor.modules" 707
"../../../Engine/Plugins/Developer/DumpGPUServices/Binaries/Win64/UnrealEditor.modules" 708
"../../../Engine/Plugins/Developer/AnimationSharing/Binaries/Win64/UnrealEditor.modules" 709
"../../../Engine/Plugins/Runtime/SignificanceManager/Binaries/Win64/UnrealEditor.modules" 710
"../../../Engine/Plugins/Developer/CLionSourceCodeAccess/Binaries/Win64/UnrealEditor.modules" 711
"../../../Engine/Plugins/Developer/PixWinPlugin/Binaries/Win64/UnrealEditor.modules" 712
"../../../Engine/Plugins/Developer/PerforceSourceControl/Binaries/Win64/UnrealEditor.modules" 713
"../../../Engine/Plugins/Developer/RiderSourceCodeAccess/Binaries/Win64/UnrealEditor.modules" 714
"../../../Engine/Plugins/Developer/SubversionSourceControl/Binaries/Win64/UnrealEditor.modules" 715
"../../../Engine/Plugins/Developer/PlasticSourceControl/Binaries/Win64/UnrealEditor.modules" 716
"../../../Engine/Plugins/Developer/TextureFormatOodle/Binaries/Win64/UnrealEditor.modules" 717
"../../../Engine/Plugins/Developer/PropertyAccessNode/Binaries/Win64/UnrealEditor.modules" 718
"../../../Engine/Plugins/Developer/PluginUtils/Binaries/Win64/UnrealEditor.modules" 719
"../../../Engine/Plugins/Developer/UObjectPlugin/Binaries/Win64/UnrealEditor.modules" 720
"../../../Engine/Plugins/Developer/VisualStudioCodeSourceCodeAccess/Binaries/Win64/UnrealEditor.modules" 721
"../../../Engine/Plugins/Developer/VisualStudioSourceCodeAccess/Binaries/Win64/UnrealEditor.modules" 722
"../../../Engine/Plugins/Developer/GitSourceControl/Binaries/Win64/UnrealEditor.modules" 723
"../../../Engine/Plugins/Editor/AssetManagerEditor/Binaries/Win64/UnrealEditor.modules" 724
"../../../Engine/Plugins/Editor/BlueprintHeaderView/Binaries/Win64/UnrealEditor.modules" 725
"../../../Engine/Plugins/Editor/DataValidation/Binaries/Win64/UnrealEditor.modules" 726
"../../../Engine/Plugins/Editor/CurveEditorTools/Binaries/Win64/UnrealEditor.modules" 727
"../../../Engine/Plugins/Editor/CryptoKeys/Binaries/Win64/UnrealEditor.modules" 728
"../../../Engine/Plugins/Editor/FacialAnimation/Binaries/Win64/UnrealEditor.modules" 729
"../../../Engine/Plugins/Editor/EditorDebugTools/Binaries/Win64/UnrealEditor.modules" 730
"../../../Engine/Plugins/Editor/GameplayTagsEditor/Binaries/Win64/UnrealEditor.modules" 731
"../../../Engine/Plugins/Developer/TraceDataFiltering/Binaries/Win64/UnrealEditor.modules" 732
"../../../Engine/Plugins/Editor/GeometryMode/Binaries/Win64/UnrealEditor.modules" 733
"../../../Engine/Plugins/Editor/MaterialAnalyzer/Binaries/Win64/UnrealEditor.modules" 734
"../../../Engine/Plugins/Editor/MobileLauncherProfileWizard/Binaries/Win64/UnrealEditor.modules" 735
"../../../Engine/Plugins/Editor/PluginBrowser/Binaries/Win64/UnrealEditor.modules" 736
"../../../Engine/Plugins/Editor/SequencerAnimTools/Binaries/Win64/UnrealEditor.modules" 737
"../../../Engine/Plugins/Animation/ControlRig/Binaries/Win64/UnrealEditor.modules" 738
"../../../Engine/Plugins/Editor/SpeedTreeImporter/Binaries/Win64/UnrealEditor.modules" 739
"../../../Engine/Plugins/Editor/WorldPartitionHLODUtilities/Binaries/Win64/UnrealEditor.modules" 740
"../../../Engine/Plugins/Experimental/BackChannel/Binaries/Win64/UnrealEditor.modules" 741
"../../../Engine/Plugins/Experimental/AutomationUtils/Binaries/Win64/UnrealEditor.modules" 742
"../../../Engine/Plugins/Experimental/ChaosCloth/Binaries/Win64/UnrealEditor.modules" 743
"../../../Engine/Plugins/Experimental/ChaosCaching/Binaries/Win64/UnrealEditor.modules" 744
"../../../Engine/Plugins/VirtualProduction/Takes/Binaries/Win64/UnrealEditor.modules" 745
"../../../Engine/Plugins/Experimental/ChaosSolverPlugin/Binaries/Win64/UnrealEditor.modules" 746
"../../../Engine/Plugins/Experimental/ChaosUserDataPT/Binaries/Win64/UnrealEditor.modules" 747
"../../../Engine/Plugins/Experimental/CharacterAI/Binaries/Win64/UnrealEditor.modules" 748
"../../../Engine/Plugins/Experimental/ChaosEditor/Binaries/Win64/UnrealEditor.modules" 749
"../../../Engine/Plugins/Experimental/PlanarCutPlugin/Binaries/Win64/UnrealEditor.modules" 750
"../../../Engine/Plugins/Experimental/GeometryCollectionPlugin/Binaries/Win64/UnrealEditor.modules" 751
"../../../Engine/Plugins/Experimental/Dataflow/Binaries/Win64/UnrealEditor.modules" 752
"../../../Engine/Plugins/Experimental/ChaosClothEditor/Binaries/Win64/UnrealEditor.modules" 753
"../../../Engine/Plugins/Experimental/ChaosNiagara/Binaries/Win64/UnrealEditor.modules" 754
"../../../Engine/Plugins/Experimental/Iris/Binaries/Win64/UnrealEditor.modules" 755
"../../../Engine/Plugins/Experimental/OpenImageDenoise/Binaries/Win64/UnrealEditor.modules" 756
"../../../Engine/Plugins/Experimental/SkeletalReduction/Binaries/Win64/UnrealEditor.modules" 757
"../../../Engine/Plugins/Experimental/PlatformCrypto/Binaries/Win64/UnrealEditor.modules" 758
"../../../Engine/Plugins/Experimental/UVEditor/Binaries/Win64/UnrealEditor.modules" 759
"../../../Engine/Plugins/Importers/AlembicImporter/Binaries/Win64/UnrealEditor.modules" 760
"../../../Engine/Plugins/Tests/InterchangeTests/Binaries/Win64/UnrealEditor.modules" 761
"../../../Engine/Plugins/Media/AndroidMedia/Binaries/Win64/UnrealEditor.modules" 762
"../../../Engine/Plugins/Media/AvfMedia/Binaries/Win64/UnrealEditor.modules" 763
"../../../Engine/Plugins/Media/MediaCompositing/Binaries/Win64/UnrealEditor.modules" 764
"../../../Engine/Plugins/Media/ImgMedia/Binaries/Win64/UnrealEditor.modules" 765
"../../../Engine/Plugins/Messaging/UdpMessaging/Binaries/Win64/UnrealEditor.modules" 766
"../../../Engine/Plugins/Media/WmfMedia/Binaries/Win64/UnrealEditor.modules" 767
"../../../Engine/Plugins/Messaging/TcpMessaging/Binaries/Win64/UnrealEditor.modules" 768
"../../../Engine/Plugins/Media/MediaPlayerEditor/Binaries/Win64/UnrealEditor.modules" 769
"../../../Engine/Plugins/MovieScene/ActorSequence/Binaries/Win64/UnrealEditor.modules" 770
"../../../Engine/Plugins/Animation/AnimationModifierLibrary/Binaries/Win64/UnrealEditor.modules" 771
"../../../Engine/Plugins/Animation/ControlRigSpline/Binaries/Win64/UnrealEditor.modules" 772
"../../../Engine/Plugins/2D/Paper2D/Binaries/Win64/UnrealEditor.modules" 773
"../../../Engine/Plugins/Animation/IKRig/Binaries/Win64/UnrealEditor.modules" 774
"../../../Engine/Plugins/Experimental/FullBodyIK/Binaries/Win64/UnrealEditor.modules" 775
"../../../Engine/Plugins/Media/MediaPlate/Binaries/Win64/UnrealEditor.modules" 776
"../../../Engine/Plugins/Animation/BlendSpaceMotionAnalysis/Binaries/Win64/UnrealEditor.modules" 777
"../../../Engine/Plugins/Portal/LauncherChunkInstaller/Binaries/Win64/UnrealEditor.modules" 778
"../../../Engine/Plugins/Editor/ContentBrowser/ContentBrowserAssetDataSource/Binaries/Win64/UnrealEditor.modules" 779
"../../../Engine/Plugins/Editor/ObjectMixer/ObjectMixer/Binaries/Win64/UnrealEditor.modules" 780
"../../../Engine/Plugins/Editor/ContentBrowser/ContentBrowserClassDataSource/Binaries/Win64/UnrealEditor.modules" 781
"../../../Engine/Plugins/Editor/ObjectMixer/LightMixer/Binaries/Win64/UnrealEditor.modules" 782
"../../../Engine/Content/Certificates/ThirdParty/cacert.pem" 783
"../../../Engine/Config/ConsoleVariables.ini" 784
"../../../Engine/Binaries/Win64/Android/UnrealEditor.modules" 785
"../../../Engine/Binaries/Win64/IOS/UnrealEditor.modules" 786
"../../../Engine/Binaries/Win64/Linux/UnrealEditor.modules" 787
"../../../Engine/Binaries/Win64/LinuxArm64/UnrealEditor.modules" 788
"C:\Program Files\Epic Games\UE_5.1\Engine\Binaries\ThirdParty\ShaderConductor\Win64\dxcompiler.dll" 789
"C:\Program Files\Epic Games\UE_5.1\Engine\Binaries\ThirdParty\ShaderConductor\Win64\dxil.dll" 790
"C:\Program Files\Epic Games\UE_5.1\Engine\Binaries\ThirdParty\ShaderConductor\Win64\ShaderConductor.dll" 791
"../../../Engine/Content/Localization/Editor/ja/Editor.locres" 792
"../../../Engine/Content/Localization/EditorTutorials/ja/EditorTutorials.locres" 793
"../../../Engine/Content/Localization/Keywords/ja/Keywords.locres" 794
"../../../Engine/Content/Localization/Category/ja/Category.locres" 795
"../../../Engine/Content/Localization/ToolTips/ja/ToolTips.locres" 796
"../../../Engine/Content/Localization/PropertyNames/ja/PropertyNames.locres" 797
"../../../Engine/Content/Localization/Engine/ja/Engine.locres" 798
"../../../Engine/Plugins/Online/OnlineSubsystem/Content/Localization/OnlineSubsystem/ja/OnlineSubsystem.locres" 799
"../../../Engine/Plugins/Online/OnlineSubsystemUtils/Content/Localization/OnlineSubsystemUtils/ja/OnlineSubsystemUtils.locres" 800
"../../../Engine/Plugins/Online/Android/OnlineSubsystemGooglePlay/Content/Localization/OnlineSubsystemGooglePlay/ja/OnlineSubsystemGooglePlay.locres" 801
"../../../Engine/Plugins/Online/IOS/OnlineSubsystemIOS/Content/Localization/OnlineSubsystemIOS/ja/OnlineSubsystemIOS.locres" 802
"../../../Engine/Content/Internationalization/icudt64l/numberingSystems.res" 803
"../../../Engine/Content/Internationalization/icudt64l/curr/supplementalData.res" 804
"../../../Engine/Content/Internationalization/icudt64l/curr/ja_JP.res" 805
"../../../Engine/Content/Internationalization/icudt64l/curr/pool.res" 806
"../../../Engine/Content/Internationalization/icudt64l/curr/ja.res" 807
"../../../Engine/Content/Internationalization/icudt64l/curr/root.res" 808
"../../../Engine/Content/Internationalization/icudt64l/lang/af.res" 809
"../../../Engine/Content/Internationalization/icudt64l/region/af.res" 810
"../../../Engine/Content/Internationalization/icudt64l/lang/agq.res" 811
"../../../Engine/Content/Internationalization/icudt64l/region/agq.res" 812
"../../../Engine/Content/Internationalization/icudt64l/lang/ak.res" 813
"../../../Engine/Content/Internationalization/icudt64l/region/ak.res" 814
"../../../Engine/Content/Internationalization/icudt64l/lang/am.res" 815
"../../../Engine/Content/Internationalization/icudt64l/region/am.res" 816
"../../../Engine/Content/Internationalization/icudt64l/lang/ar.res" 817
"../../../Engine/Content/Internationalization/icudt64l/region/ar.res" 818
"../../../Engine/Content/Internationalization/icudt64l/region/ar_AE.res" 819
"../../../Engine/Content/Internationalization/icudt64l/lang/ar_EG.res" 820
"../../../Engine/Content/Internationalization/icudt64l/lang/ar_LY.res" 821
"../../../Engine/Content/Internationalization/icudt64l/region/ar_LY.res" 822
"../../../Engine/Content/Internationalization/icudt64l/lang/ar_SA.res" 823
"../../../Engine/Content/Internationalization/icudt64l/region/ar_SA.res" 824
"../../../Engine/Content/Internationalization/icudt64l/lang/as.res" 825
"../../../Engine/Content/Internationalization/icudt64l/region/as.res" 826
"../../../Engine/Content/Internationalization/icudt64l/lang/asa.res" 827
"../../../Engine/Content/Internationalization/icudt64l/region/asa.res" 828
"../../../Engine/Content/Internationalization/icudt64l/lang/ast.res" 829
"../../../Engine/Content/Internationalization/icudt64l/region/ast.res" 830
"../../../Engine/Content/Internationalization/icudt64l/lang/az.res" 831
"../../../Engine/Content/Internationalization/icudt64l/lang/az_Cyrl.res" 832
"../../../Engine/Content/Internationalization/icudt64l/lang/az_AZ.res" 833
"../../../Engine/Content/Internationalization/icudt64l/lang/az_Latn_AZ.res" 834
"../../../Engine/Content/Internationalization/icudt64l/lang/az_Latn.res" 835
"../../../Engine/Content/Internationalization/icudt64l/region/az_AZ.res" 836
"../../../Engine/Content/Internationalization/icudt64l/region/az_Latn_AZ.res" 837
"../../../Engine/Content/Internationalization/icudt64l/region/az_Latn.res" 838
"../../../Engine/Content/Internationalization/icudt64l/region/az.res" 839
"../../../Engine/Content/Internationalization/icudt64l/region/az_Cyrl.res" 840
"../../../Engine/Content/Internationalization/icudt64l/lang/bas.res" 841
"../../../Engine/Content/Internationalization/icudt64l/region/bas.res" 842
"../../../Engine/Content/Internationalization/icudt64l/lang/be.res" 843
"../../../Engine/Content/Internationalization/icudt64l/region/be.res" 844
"../../../Engine/Content/Internationalization/icudt64l/lang/bem.res" 845
"../../../Engine/Content/Internationalization/icudt64l/region/bem.res" 846
"../../../Engine/Content/Internationalization/icudt64l/lang/bez.res" 847
"../../../Engine/Content/Internationalization/icudt64l/region/bez.res" 848
"../../../Engine/Content/Internationalization/icudt64l/lang/bg.res" 849
"../../../Engine/Content/Internationalization/icudt64l/region/bg.res" 850
"../../../Engine/Content/Internationalization/icudt64l/lang/bm.res" 851
"../../../Engine/Content/Internationalization/icudt64l/region/bm.res" 852
"../../../Engine/Content/Internationalization/icudt64l/lang/bn.res" 853
"../../../Engine/Content/Internationalization/icudt64l/region/bn.res" 854
"../../../Engine/Content/Internationalization/icudt64l/lang/bn_IN.res" 855
"../../../Engine/Content/Internationalization/icudt64l/region/bn_IN.res" 856
"../../../Engine/Content/Internationalization/icudt64l/lang/bo.res" 857
"../../../Engine/Content/Internationalization/icudt64l/region/bo.res" 858
"../../../Engine/Content/Internationalization/icudt64l/region/bo_IN.res" 859
"../../../Engine/Content/Internationalization/icudt64l/lang/br.res" 860
"../../../Engine/Content/Internationalization/icudt64l/region/br.res" 861
"../../../Engine/Content/Internationalization/icudt64l/lang/brx.res" 862
"../../../Engine/Content/Internationalization/icudt64l/region/brx.res" 863
"../../../Engine/Content/Internationalization/icudt64l/lang/bs.res" 864
"../../../Engine/Content/Internationalization/icudt64l/lang/bs_Cyrl.res" 865
"../../../Engine/Content/Internationalization/icudt64l/lang/bs_BA.res" 866
"../../../Engine/Content/Internationalization/icudt64l/lang/bs_Latn_BA.res" 867
"../../../Engine/Content/Internationalization/icudt64l/lang/bs_Latn.res" 868
"../../../Engine/Content/Internationalization/icudt64l/region/bs_BA.res" 869
"../../../Engine/Content/Internationalization/icudt64l/region/bs_Latn_BA.res" 870
"../../../Engine/Content/Internationalization/icudt64l/region/bs_Latn.res" 871
"../../../Engine/Content/Internationalization/icudt64l/region/bs.res" 872
"../../../Engine/Content/Internationalization/icudt64l/region/bs_Cyrl.res" 873
"../../../Engine/Content/Internationalization/icudt64l/lang/ca.res" 874
"../../../Engine/Content/Internationalization/icudt64l/region/ca.res" 875
"../../../Engine/Content/Internationalization/icudt64l/lang/ccp.res" 876
"../../../Engine/Content/Internationalization/icudt64l/region/ccp.res" 877
"../../../Engine/Content/Internationalization/icudt64l/lang/ce.res" 878
"../../../Engine/Content/Internationalization/icudt64l/region/ce.res" 879
"../../../Engine/Content/Internationalization/icudt64l/lang/ceb.res" 880
"../../../Engine/Content/Internationalization/icudt64l/region/ceb.res" 881
"../../../Engine/Content/Internationalization/icudt64l/lang/cgg.res" 882
"../../../Engine/Content/Internationalization/icudt64l/region/cgg.res" 883
"../../../Engine/Content/Internationalization/icudt64l/lang/chr.res" 884
"../../../Engine/Content/Internationalization/icudt64l/region/chr.res" 885
"../../../Engine/Content/Internationalization/icudt64l/lang/ckb.res" 886
"../../../Engine/Content/Internationalization/icudt64l/region/ckb.res" 887
"../../../Engine/Content/Internationalization/icudt64l/lang/cs.res" 888
"../../../Engine/Content/Internationalization/icudt64l/region/cs.res" 889
"../../../Engine/Content/Internationalization/icudt64l/lang/cy.res" 890
"../../../Engine/Content/Internationalization/icudt64l/region/cy.res" 891
"../../../Engine/Content/Internationalization/icudt64l/lang/da.res" 892
"../../../Engine/Content/Internationalization/icudt64l/region/da.res" 893
"../../../Engine/Content/Internationalization/icudt64l/lang/dav.res" 894
"../../../Engine/Content/Internationalization/icudt64l/region/dav.res" 895
"../../../Engine/Content/Internationalization/icudt64l/lang/de.res" 896
"../../../Engine/Content/Internationalization/icudt64l/lang/de_AT.res" 897
"../../../Engine/Content/Internationalization/icudt64l/region/de_AT.res" 898
"../../../Engine/Content/Internationalization/icudt64l/region/de.res" 899
"../../../Engine/Content/Internationalization/icudt64l/lang/de_CH.res" 900
"../../../Engine/Content/Internationalization/icudt64l/region/de_CH.res" 901
"../../../Engine/Content/Internationalization/icudt64l/lang/de_LU.res" 902
"../../../Engine/Content/Internationalization/icudt64l/lang/dje.res" 903
"../../../Engine/Content/Internationalization/icudt64l/region/dje.res" 904
"../../../Engine/Content/Internationalization/icudt64l/lang/dsb.res" 905
"../../../Engine/Content/Internationalization/icudt64l/region/dsb.res" 906
"../../../Engine/Content/Internationalization/icudt64l/lang/dua.res" 907
"../../../Engine/Content/Internationalization/icudt64l/region/dua.res" 908
"../../../Engine/Content/Internationalization/icudt64l/lang/dyo.res" 909
"../../../Engine/Content/Internationalization/icudt64l/region/dyo.res" 910
"../../../Engine/Content/Internationalization/icudt64l/lang/dz.res" 911
"../../../Engine/Content/Internationalization/icudt64l/region/dz.res" 912
"../../../Engine/Content/Internationalization/icudt64l/lang/ebu.res" 913
"../../../Engine/Content/Internationalization/icudt64l/region/ebu.res" 914
"../../../Engine/Content/Internationalization/icudt64l/lang/ee.res" 915
"../../../Engine/Content/Internationalization/icudt64l/region/ee.res" 916
"../../../Engine/Content/Internationalization/icudt64l/lang/el.res" 917
"../../../Engine/Content/Internationalization/icudt64l/region/el.res" 918
"../../../Engine/Content/Internationalization/icudt64l/lang/en_001.res" 919
"../../../Engine/Content/Internationalization/icudt64l/lang/en_150.res" 920
"../../../Engine/Content/Internationalization/icudt64l/region/en_150.res" 921
"../../../Engine/Content/Internationalization/icudt64l/lang/en_AG.res" 922
"../../../Engine/Content/Internationalization/icudt64l/region/en_AG.res" 923
"../../../Engine/Content/Internationalization/icudt64l/lang/en_AI.res" 924
"../../../Engine/Content/Internationalization/icudt64l/region/en_AI.res" 925
"../../../Engine/Content/Internationalization/icudt64l/lang/en_AT.res" 926
"../../../Engine/Content/Internationalization/icudt64l/region/en_AT.res" 927
"../../../Engine/Content/Internationalization/icudt64l/lang/en_AU.res" 928
"../../../Engine/Content/Internationalization/icudt64l/region/en_AU.res" 929
"../../../Engine/Content/Internationalization/icudt64l/lang/en_BB.res" 930
"../../../Engine/Content/Internationalization/icudt64l/region/en_BB.res" 931
"../../../Engine/Content/Internationalization/icudt64l/lang/en_BE.res" 932
"../../../Engine/Content/Internationalization/icudt64l/region/en_BE.res" 933
"../../../Engine/Content/Internationalization/icudt64l/lang/en_BM.res" 934
"../../../Engine/Content/Internationalization/icudt64l/region/en_BM.res" 935
"../../../Engine/Content/Internationalization/icudt64l/lang/en_BS.res" 936
"../../../Engine/Content/Internationalization/icudt64l/region/en_BS.res" 937
"../../../Engine/Content/Internationalization/icudt64l/lang/en_BW.res" 938
"../../../Engine/Content/Internationalization/icudt64l/region/en_BW.res" 939
"../../../Engine/Content/Internationalization/icudt64l/lang/en_BZ.res" 940
"../../../Engine/Content/Internationalization/icudt64l/region/en_BZ.res" 941
"../../../Engine/Content/Internationalization/icudt64l/lang/en_CA.res" 942
"../../../Engine/Content/Internationalization/icudt64l/region/en_CA.res" 943
"../../../Engine/Content/Internationalization/icudt64l/lang/en_CC.res" 944
"../../../Engine/Content/Internationalization/icudt64l/region/en_CC.res" 945
"../../../Engine/Content/Internationalization/icudt64l/lang/en_CH.res" 946
"../../../Engine/Content/Internationalization/icudt64l/region/en_CH.res" 947
"../../../Engine/Content/Internationalization/icudt64l/lang/en_CK.res" 948
"../../../Engine/Content/Internationalization/icudt64l/region/en_CK.res" 949
"../../../Engine/Content/Internationalization/icudt64l/lang/en_CM.res" 950
"../../../Engine/Content/Internationalization/icudt64l/region/en_CM.res" 951
"../../../Engine/Content/Internationalization/icudt64l/lang/en_CX.res" 952
"../../../Engine/Content/Internationalization/icudt64l/region/en_CX.res" 953
"../../../Engine/Content/Internationalization/icudt64l/lang/en_CY.res" 954
"../../../Engine/Content/Internationalization/icudt64l/region/en_CY.res" 955
"../../../Engine/Content/Internationalization/icudt64l/lang/en_DE.res" 956
"../../../Engine/Content/Internationalization/icudt64l/region/en_DE.res" 957
"../../../Engine/Content/Internationalization/icudt64l/lang/en_DG.res" 958
"../../../Engine/Content/Internationalization/icudt64l/region/en_DG.res" 959
"../../../Engine/Content/Internationalization/icudt64l/lang/en_DK.res" 960
"../../../Engine/Content/Internationalization/icudt64l/region/en_DK.res" 961
"../../../Engine/Content/Internationalization/icudt64l/lang/en_DM.res" 962
"../../../Engine/Content/Internationalization/icudt64l/region/en_DM.res" 963
"../../../Engine/Content/Internationalization/icudt64l/lang/en_ER.res" 964
"../../../Engine/Content/Internationalization/icudt64l/region/en_ER.res" 965
"../../../Engine/Content/Internationalization/icudt64l/lang/en_FI.res" 966
"../../../Engine/Content/Internationalization/icudt64l/region/en_FI.res" 967
"../../../Engine/Content/Internationalization/icudt64l/lang/en_FJ.res" 968
"../../../Engine/Content/Internationalization/icudt64l/region/en_FJ.res" 969
"../../../Engine/Content/Internationalization/icudt64l/lang/en_FK.res" 970
"../../../Engine/Content/Internationalization/icudt64l/region/en_FK.res" 971
"../../../Engine/Content/Internationalization/icudt64l/lang/en_FM.res" 972
"../../../Engine/Content/Internationalization/icudt64l/region/en_FM.res" 973
"../../../Engine/Content/Internationalization/icudt64l/lang/en_GB.res" 974
"../../../Engine/Content/Internationalization/icudt64l/region/en_GB.res" 975
"../../../Engine/Content/Internationalization/icudt64l/lang/en_GD.res" 976
"../../../Engine/Content/Internationalization/icudt64l/region/en_GD.res" 977
"../../../Engine/Content/Internationalization/icudt64l/lang/en_GG.res" 978
"../../../Engine/Content/Internationalization/icudt64l/region/en_GG.res" 979
"../../../Engine/Content/Internationalization/icudt64l/lang/en_GH.res" 980
"../../../Engine/Content/Internationalization/icudt64l/region/en_GH.res" 981
"../../../Engine/Content/Internationalization/icudt64l/lang/en_GI.res" 982
"../../../Engine/Content/Internationalization/icudt64l/region/en_GI.res" 983
"../../../Engine/Content/Internationalization/icudt64l/lang/en_GM.res" 984
"../../../Engine/Content/Internationalization/icudt64l/region/en_GM.res" 985
"../../../Engine/Content/Internationalization/icudt64l/lang/en_GY.res" 986
"../../../Engine/Content/Internationalization/icudt64l/region/en_GY.res" 987
"../../../Engine/Content/Internationalization/icudt64l/lang/en_HK.res" 988
"../../../Engine/Content/Internationalization/icudt64l/region/en_HK.res" 989
"../../../Engine/Content/Internationalization/icudt64l/lang/en_IE.res" 990
"../../../Engine/Content/Internationalization/icudt64l/region/en_IE.res" 991
"../../../Engine/Content/Internationalization/icudt64l/lang/en_IL.res" 992
"../../../Engine/Content/Internationalization/icudt64l/region/en_IL.res" 993
"../../../Engine/Content/Internationalization/icudt64l/lang/en_IM.res" 994
"../../../Engine/Content/Internationalization/icudt64l/region/en_IM.res" 995
"../../../Engine/Content/Internationalization/icudt64l/lang/en_IN.res" 996
"../../../Engine/Content/Internationalization/icudt64l/region/en_IN.res" 997
"../../../Engine/Content/Internationalization/icudt64l/lang/en_IO.res" 998
"../../../Engine/Content/Internationalization/icudt64l/region/en_IO.res" 999
"../../../Engine/Content/Internationalization/icudt64l/lang/en_JE.res" 1000
"../../../Engine/Content/Internationalization/icudt64l/region/en_JE.res" 1001
"../../../Engine/Content/Internationalization/icudt64l/lang/en_JM.res" 1002
"../../../Engine/Content/Internationalization/icudt64l/region/en_JM.res" 1003
"../../../Engine/Content/Internationalization/icudt64l/lang/en_KE.res" 1004
"../../../Engine/Content/Internationalization/icudt64l/region/en_KE.res" 1005
"../../../Engine/Content/Internationalization/icudt64l/lang/en_KI.res" 1006
"../../../Engine/Content/Internationalization/icudt64l/region/en_KI.res" 1007
"../../../Engine/Content/Internationalization/icudt64l/lang/en_KN.res" 1008
"../../../Engine/Content/Internationalization/icudt64l/region/en_KN.res" 1009
"../../../Engine/Content/Internationalization/icudt64l/lang/en_KY.res" 1010
"../../../Engine/Content/Internationalization/icudt64l/region/en_KY.res" 1011
"../../../Engine/Content/Internationalization/icudt64l/lang/en_LC.res" 1012
"../../../Engine/Content/Internationalization/icudt64l/region/en_LC.res" 1013
"../../../Engine/Content/Internationalization/icudt64l/lang/en_LR.res" 1014
"../../../Engine/Content/Internationalization/icudt64l/region/en_LR.res" 1015
"../../../Engine/Content/Internationalization/icudt64l/lang/en_LS.res" 1016
"../../../Engine/Content/Internationalization/icudt64l/region/en_LS.res" 1017
"../../../Engine/Content/Internationalization/icudt64l/lang/en_MG.res" 1018
"../../../Engine/Content/Internationalization/icudt64l/region/en_MG.res" 1019
"../../../Engine/Content/Internationalization/icudt64l/lang/en_MO.res" 1020
"../../../Engine/Content/Internationalization/icudt64l/region/en_MO.res" 1021
"../../../Engine/Content/Internationalization/icudt64l/lang/en_MS.res" 1022
"../../../Engine/Content/Internationalization/icudt64l/region/en_MS.res" 1023
"../../../Engine/Content/Internationalization/icudt64l/lang/en_MT.res" 1024
"../../../Engine/Content/Internationalization/icudt64l/region/en_MT.res" 1025
"../../../Engine/Content/Internationalization/icudt64l/lang/en_MU.res" 1026
"../../../Engine/Content/Internationalization/icudt64l/region/en_MU.res" 1027
"../../../Engine/Content/Internationalization/icudt64l/lang/en_MW.res" 1028
"../../../Engine/Content/Internationalization/icudt64l/region/en_MW.res" 1029
"../../../Engine/Content/Internationalization/icudt64l/lang/en_MY.res" 1030
"../../../Engine/Content/Internationalization/icudt64l/region/en_MY.res" 1031
"../../../Engine/Content/Internationalization/icudt64l/lang/en_NA.res" 1032
"../../../Engine/Content/Internationalization/icudt64l/region/en_NA.res" 1033
"../../../Engine/Content/Internationalization/icudt64l/lang/en_NF.res" 1034
"../../../Engine/Content/Internationalization/icudt64l/region/en_NF.res" 1035
"../../../Engine/Content/Internationalization/icudt64l/lang/en_NG.res" 1036
"../../../Engine/Content/Internationalization/icudt64l/region/en_NG.res" 1037
"../../../Engine/Content/Internationalization/icudt64l/lang/en_NL.res" 1038
"../../../Engine/Content/Internationalization/icudt64l/region/en_NL.res" 1039
"../../../Engine/Content/Internationalization/icudt64l/lang/en_NR.res" 1040
"../../../Engine/Content/Internationalization/icudt64l/region/en_NR.res" 1041
"../../../Engine/Content/Internationalization/icudt64l/lang/en_NU.res" 1042
"../../../Engine/Content/Internationalization/icudt64l/region/en_NU.res" 1043
"../../../Engine/Content/Internationalization/icudt64l/lang/en_NZ.res" 1044
"../../../Engine/Content/Internationalization/icudt64l/region/en_NZ.res" 1045
"../../../Engine/Content/Internationalization/icudt64l/lang/en_PG.res" 1046
"../../../Engine/Content/Internationalization/icudt64l/region/en_PG.res" 1047
"../../../Engine/Content/Internationalization/icudt64l/lang/en_PH.res" 1048
"../../../Engine/Content/Internationalization/icudt64l/region/en_PH.res" 1049
"../../../Engine/Content/Internationalization/icudt64l/lang/en_PK.res" 1050
"../../../Engine/Content/Internationalization/icudt64l/region/en_PK.res" 1051
"../../../Engine/Content/Internationalization/icudt64l/lang/en_PN.res" 1052
"../../../Engine/Content/Internationalization/icudt64l/region/en_PN.res" 1053
"../../../Engine/Content/Internationalization/icudt64l/lang/en_PW.res" 1054
"../../../Engine/Content/Internationalization/icudt64l/region/en_PW.res" 1055
"../../../Engine/Content/Internationalization/icudt64l/lang/en_RW.res" 1056
"../../../Engine/Content/Internationalization/icudt64l/region/en_RW.res" 1057
"../../../Engine/Content/Internationalization/icudt64l/lang/en_SB.res" 1058
"../../../Engine/Content/Internationalization/icudt64l/region/en_SB.res" 1059
"../../../Engine/Content/Internationalization/icudt64l/lang/en_SC.res" 1060
"../../../Engine/Content/Internationalization/icudt64l/region/en_SC.res" 1061
"../../../Engine/Content/Internationalization/icudt64l/lang/en_SD.res" 1062
"../../../Engine/Content/Internationalization/icudt64l/region/en_SD.res" 1063
"../../../Engine/Content/Internationalization/icudt64l/lang/en_SE.res" 1064
"../../../Engine/Content/Internationalization/icudt64l/region/en_SE.res" 1065
"../../../Engine/Content/Internationalization/icudt64l/lang/en_SG.res" 1066
"../../../Engine/Content/Internationalization/icudt64l/region/en_SG.res" 1067
"../../../Engine/Content/Internationalization/icudt64l/lang/en_SH.res" 1068
"../../../Engine/Content/Internationalization/icudt64l/region/en_SH.res" 1069
"../../../Engine/Content/Internationalization/icudt64l/lang/en_SI.res" 1070
"../../../Engine/Content/Internationalization/icudt64l/region/en_SI.res" 1071
"../../../Engine/Content/Internationalization/icudt64l/lang/en_SL.res" 1072
"../../../Engine/Content/Internationalization/icudt64l/region/en_SL.res" 1073
"../../../Engine/Content/Internationalization/icudt64l/lang/en_SS.res" 1074
"../../../Engine/Content/Internationalization/icudt64l/region/en_SS.res" 1075
"../../../Engine/Content/Internationalization/icudt64l/lang/en_SX.res" 1076
"../../../Engine/Content/Internationalization/icudt64l/region/en_SX.res" 1077
"../../../Engine/Content/Internationalization/icudt64l/lang/en_SZ.res" 1078
"../../../Engine/Content/Internationalization/icudt64l/region/en_SZ.res" 1079
"../../../Engine/Content/Internationalization/icudt64l/lang/en_TC.res" 1080
"../../../Engine/Content/Internationalization/icudt64l/region/en_TC.res" 1081
"../../../Engine/Content/Internationalization/icudt64l/lang/en_TK.res" 1082
"../../../Engine/Content/Internationalization/icudt64l/region/en_TK.res" 1083
"../../../Engine/Content/Internationalization/icudt64l/lang/en_TO.res" 1084
"../../../Engine/Content/Internationalization/icudt64l/region/en_TO.res" 1085
"../../../Engine/Content/Internationalization/icudt64l/lang/en_TT.res" 1086
"../../../Engine/Content/Internationalization/icudt64l/region/en_TT.res" 1087
"../../../Engine/Content/Internationalization/icudt64l/lang/en_TV.res" 1088
"../../../Engine/Content/Internationalization/icudt64l/region/en_TV.res" 1089
"../../../Engine/Content/Internationalization/icudt64l/lang/en_TZ.res" 1090
"../../../Engine/Content/Internationalization/icudt64l/region/en_TZ.res" 1091
"../../../Engine/Content/Internationalization/icudt64l/lang/en_UG.res" 1092
"../../../Engine/Content/Internationalization/icudt64l/region/en_UG.res" 1093
"../../../Engine/Content/Internationalization/icudt64l/lang/en_VC.res" 1094
"../../../Engine/Content/Internationalization/icudt64l/region/en_VC.res" 1095
"../../../Engine/Content/Internationalization/icudt64l/lang/en_VG.res" 1096
"../../../Engine/Content/Internationalization/icudt64l/region/en_VG.res" 1097
"../../../Engine/Content/Internationalization/icudt64l/lang/en_VU.res" 1098
"../../../Engine/Content/Internationalization/icudt64l/region/en_VU.res" 1099
"../../../Engine/Content/Internationalization/icudt64l/lang/en_WS.res" 1100
"../../../Engine/Content/Internationalization/icudt64l/region/en_WS.res" 1101
"../../../Engine/Content/Internationalization/icudt64l/lang/en_ZA.res" 1102
"../../../Engine/Content/Internationalization/icudt64l/region/en_ZA.res" 1103
"../../../Engine/Content/Internationalization/icudt64l/lang/en_ZM.res" 1104
"../../../Engine/Content/Internationalization/icudt64l/region/en_ZM.res" 1105
"../../../Engine/Content/Internationalization/icudt64l/lang/en_ZW.res" 1106
"../../../Engine/Content/Internationalization/icudt64l/region/en_ZW.res" 1107
"../../../Engine/Content/Internationalization/icudt64l/lang/eo.res" 1108
"../../../Engine/Content/Internationalization/icudt64l/region/eo.res" 1109
"../../../Engine/Content/Internationalization/icudt64l/lang/es.res" 1110
"../../../Engine/Content/Internationalization/icudt64l/lang/es_419.res" 1111
"../../../Engine/Content/Internationalization/icudt64l/region/es_419.res" 1112
"../../../Engine/Content/Internationalization/icudt64l/region/es.res" 1113
"../../../Engine/Content/Internationalization/icudt64l/lang/es_AR.res" 1114
"../../../Engine/Content/Internationalization/icudt64l/region/es_AR.res" 1115
"../../../Engine/Content/Internationalization/icudt64l/lang/es_BO.res" 1116
"../../../Engine/Content/Internationalization/icudt64l/region/es_BO.res" 1117
"../../../Engine/Content/Internationalization/icudt64l/lang/es_BR.res" 1118
"../../../Engine/Content/Internationalization/icudt64l/region/es_BR.res" 1119
"../../../Engine/Content/Internationalization/icudt64l/lang/es_BZ.res" 1120
"../../../Engine/Content/Internationalization/icudt64l/region/es_BZ.res" 1121
"../../../Engine/Content/Internationalization/icudt64l/lang/es_CL.res" 1122
"../../../Engine/Content/Internationalization/icudt64l/region/es_CL.res" 1123
"../../../Engine/Content/Internationalization/icudt64l/lang/es_CO.res" 1124
"../../../Engine/Content/Internationalization/icudt64l/region/es_CO.res" 1125
"../../../Engine/Content/Internationalization/icudt64l/lang/es_CR.res" 1126
"../../../Engine/Content/Internationalization/icudt64l/region/es_CR.res" 1127
"../../../Engine/Content/Internationalization/icudt64l/lang/es_CU.res" 1128
"../../../Engine/Content/Internationalization/icudt64l/region/es_CU.res" 1129
"../../../Engine/Content/Internationalization/icudt64l/lang/es_DO.res" 1130
"../../../Engine/Content/Internationalization/icudt64l/region/es_DO.res" 1131
"../../../Engine/Content/Internationalization/icudt64l/lang/es_EC.res" 1132
"../../../Engine/Content/Internationalization/icudt64l/region/es_EC.res" 1133
"../../../Engine/Content/Internationalization/icudt64l/lang/es_GT.res" 1134
"../../../Engine/Content/Internationalization/icudt64l/region/es_GT.res" 1135
"../../../Engine/Content/Internationalization/icudt64l/lang/es_HN.res" 1136
"../../../Engine/Content/Internationalization/icudt64l/region/es_HN.res" 1137
"../../../Engine/Content/Internationalization/icudt64l/lang/es_MX.res" 1138
"../../../Engine/Content/Internationalization/icudt64l/region/es_MX.res" 1139
"../../../Engine/Content/Internationalization/icudt64l/lang/es_NI.res" 1140
"../../../Engine/Content/Internationalization/icudt64l/region/es_NI.res" 1141
"../../../Engine/Content/Internationalization/icudt64l/lang/es_PA.res" 1142
"../../../Engine/Content/Internationalization/icudt64l/region/es_PA.res" 1143
"../../../Engine/Content/Internationalization/icudt64l/lang/es_PE.res" 1144
"../../../Engine/Content/Internationalization/icudt64l/region/es_PE.res" 1145
"../../../Engine/Content/Internationalization/icudt64l/lang/es_PR.res" 1146
"../../../Engine/Content/Internationalization/icudt64l/region/es_PR.res" 1147
"../../../Engine/Content/Internationalization/icudt64l/lang/es_PY.res" 1148
"../../../Engine/Content/Internationalization/icudt64l/region/es_PY.res" 1149
"../../../Engine/Content/Internationalization/icudt64l/lang/es_SV.res" 1150
"../../../Engine/Content/Internationalization/icudt64l/region/es_SV.res" 1151
"../../../Engine/Content/Internationalization/icudt64l/lang/es_US.res" 1152
"../../../Engine/Content/Internationalization/icudt64l/region/es_US.res" 1153
"../../../Engine/Content/Internationalization/icudt64l/lang/es_UY.res" 1154
"../../../Engine/Content/Internationalization/icudt64l/region/es_UY.res" 1155
"../../../Engine/Content/Internationalization/icudt64l/lang/es_VE.res" 1156
"../../../Engine/Content/Internationalization/icudt64l/region/es_VE.res" 1157
"../../../Engine/Content/Internationalization/icudt64l/lang/et.res" 1158
"../../../Engine/Content/Internationalization/icudt64l/region/et.res" 1159
"../../../Engine/Content/Internationalization/icudt64l/lang/eu.res" 1160
"../../../Engine/Content/Internationalization/icudt64l/region/eu.res" 1161
"../../../Engine/Content/Internationalization/icudt64l/lang/ewo.res" 1162
"../../../Engine/Content/Internationalization/icudt64l/region/ewo.res" 1163
"../../../Engine/Content/Internationalization/icudt64l/lang/fa.res" 1164
"../../../Engine/Content/Internationalization/icudt64l/lang/fa_AF.res" 1165
"../../../Engine/Content/Internationalization/icudt64l/region/fa_AF.res" 1166
"../../../Engine/Content/Internationalization/icudt64l/region/fa.res" 1167
"../../../Engine/Content/Internationalization/icudt64l/lang/ff.res" 1168
"../../../Engine/Content/Internationalization/icudt64l/lang/ff_Latn.res" 1169
"../../../Engine/Content/Internationalization/icudt64l/region/ff.res" 1170
"../../../Engine/Content/Internationalization/icudt64l/region/ff_Latn.res" 1171
"../../../Engine/Content/Internationalization/icudt64l/lang/ff_CM.res" 1172
"../../../Engine/Content/Internationalization/icudt64l/lang/ff_Latn_CM.res" 1173
"../../../Engine/Content/Internationalization/icudt64l/region/ff_CM.res" 1174
"../../../Engine/Content/Internationalization/icudt64l/region/ff_Latn_CM.res" 1175
"../../../Engine/Content/Internationalization/icudt64l/lang/ff_GN.res" 1176
"../../../Engine/Content/Internationalization/icudt64l/lang/ff_Latn_GN.res" 1177
"../../../Engine/Content/Internationalization/icudt64l/region/ff_GN.res" 1178
"../../../Engine/Content/Internationalization/icudt64l/region/ff_Latn_GN.res" 1179
"../../../Engine/Content/Internationalization/icudt64l/lang/ff_MR.res" 1180
"../../../Engine/Content/Internationalization/icudt64l/lang/ff_Latn_MR.res" 1181
"../../../Engine/Content/Internationalization/icudt64l/region/ff_MR.res" 1182
"../../../Engine/Content/Internationalization/icudt64l/region/ff_Latn_MR.res" 1183
"../../../Engine/Content/Internationalization/icudt64l/lang/ff_SN.res" 1184
"../../../Engine/Content/Internationalization/icudt64l/lang/ff_Latn_SN.res" 1185
"../../../Engine/Content/Internationalization/icudt64l/region/ff_SN.res" 1186
"../../../Engine/Content/Internationalization/icudt64l/region/ff_Latn_SN.res" 1187
"../../../Engine/Content/Internationalization/icudt64l/lang/fi.res" 1188
"../../../Engine/Content/Internationalization/icudt64l/region/fi.res" 1189
"../../../Engine/Content/Internationalization/icudt64l/lang/fil.res" 1190
"../../../Engine/Content/Internationalization/icudt64l/lang/fil_PH.res" 1191
"../../../Engine/Content/Internationalization/icudt64l/region/fil_PH.res" 1192
"../../../Engine/Content/Internationalization/icudt64l/region/fil.res" 1193
"../../../Engine/Content/Internationalization/icudt64l/lang/fo.res" 1194
"../../../Engine/Content/Internationalization/icudt64l/region/fo.res" 1195
"../../../Engine/Content/Internationalization/icudt64l/lang/fr.res" 1196
"../../../Engine/Content/Internationalization/icudt64l/lang/fr_BE.res" 1197
"../../../Engine/Content/Internationalization/icudt64l/region/fr_BE.res" 1198
"../../../Engine/Content/Internationalization/icudt64l/region/fr.res" 1199
"../../../Engine/Content/Internationalization/icudt64l/lang/fr_CA.res" 1200
"../../../Engine/Content/Internationalization/icudt64l/region/fr_CA.res" 1201
"../../../Engine/Content/Internationalization/icudt64l/lang/fr_CH.res" 1202
"../../../Engine/Content/Internationalization/icudt64l/lang/fur.res" 1203
"../../../Engine/Content/Internationalization/icudt64l/region/fur.res" 1204
"../../../Engine/Content/Internationalization/icudt64l/lang/fy.res" 1205
"../../../Engine/Content/Internationalization/icudt64l/region/fy.res" 1206
"../../../Engine/Content/Internationalization/icudt64l/lang/ga.res" 1207
"../../../Engine/Content/Internationalization/icudt64l/region/ga.res" 1208
"../../../Engine/Content/Internationalization/icudt64l/lang/gd.res" 1209
"../../../Engine/Content/Internationalization/icudt64l/region/gd.res" 1210
"../../../Engine/Content/Internationalization/icudt64l/lang/gl.res" 1211
"../../../Engine/Content/Internationalization/icudt64l/region/gl.res" 1212
"../../../Engine/Content/Internationalization/icudt64l/lang/gsw.res" 1213
"../../../Engine/Content/Internationalization/icudt64l/region/gsw.res" 1214
"../../../Engine/Content/Internationalization/icudt64l/lang/gu.res" 1215
"../../../Engine/Content/Internationalization/icudt64l/region/gu.res" 1216
"../../../Engine/Content/Internationalization/icudt64l/lang/guz.res" 1217
"../../../Engine/Content/Internationalization/icudt64l/region/guz.res" 1218
"../../../Engine/Content/Internationalization/icudt64l/lang/gv.res" 1219
"../../../Engine/Content/Internationalization/icudt64l/region/gv.res" 1220
"../../../Engine/Content/Internationalization/icudt64l/lang/ha.res" 1221
"../../../Engine/Content/Internationalization/icudt64l/region/ha.res" 1222
"../../../Engine/Content/Internationalization/icudt64l/lang/ha_NE.res" 1223
"../../../Engine/Content/Internationalization/icudt64l/region/ha_NE.res" 1224
"../../../Engine/Content/Internationalization/icudt64l/lang/haw.res" 1225
"../../../Engine/Content/Internationalization/icudt64l/region/haw.res" 1226
"../../../Engine/Content/Internationalization/icudt64l/lang/he.res" 1227
"../../../Engine/Content/Internationalization/icudt64l/lang/he_IL.res" 1228
"../../../Engine/Content/Internationalization/icudt64l/region/he_IL.res" 1229
"../../../Engine/Content/Internationalization/icudt64l/region/he.res" 1230
"../../../Engine/Content/Internationalization/icudt64l/lang/hi.res" 1231
"../../../Engine/Content/Internationalization/icudt64l/region/hi.res" 1232
"../../../Engine/Content/Internationalization/icudt64l/lang/hr.res" 1233
"../../../Engine/Content/Internationalization/icudt64l/region/hr.res" 1234
"../../../Engine/Content/Internationalization/icudt64l/lang/hsb.res" 1235
"../../../Engine/Content/Internationalization/icudt64l/region/hsb.res" 1236
"../../../Engine/Content/Internationalization/icudt64l/lang/hu.res" 1237
"../../../Engine/Content/Internationalization/icudt64l/region/hu.res" 1238
"../../../Engine/Content/Internationalization/icudt64l/lang/hy.res" 1239
"../../../Engine/Content/Internationalization/icudt64l/region/hy.res" 1240
"../../../Engine/Content/Internationalization/icudt64l/lang/ia.res" 1241
"../../../Engine/Content/Internationalization/icudt64l/region/ia.res" 1242
"../../../Engine/Content/Internationalization/icudt64l/lang/id.res" 1243
"../../../Engine/Content/Internationalization/icudt64l/lang/id_ID.res" 1244
"../../../Engine/Content/Internationalization/icudt64l/region/id_ID.res" 1245
"../../../Engine/Content/Internationalization/icudt64l/region/id.res" 1246
"../../../Engine/Content/Internationalization/icudt64l/lang/ig.res" 1247
"../../../Engine/Content/Internationalization/icudt64l/region/ig.res" 1248
"../../../Engine/Content/Internationalization/icudt64l/lang/ii.res" 1249
"../../../Engine/Content/Internationalization/icudt64l/region/ii.res" 1250
"../../../Engine/Content/Internationalization/icudt64l/lang/is.res" 1251
"../../../Engine/Content/Internationalization/icudt64l/region/is.res" 1252
"../../../Engine/Content/Internationalization/icudt64l/lang/it.res" 1253
"../../../Engine/Content/Internationalization/icudt64l/region/it.res" 1254
"../../../Engine/Content/Internationalization/icudt64l/lang/jgo.res" 1255
"../../../Engine/Content/Internationalization/icudt64l/region/jgo.res" 1256
"../../../Engine/Content/Internationalization/icudt64l/lang/jmc.res" 1257
"../../../Engine/Content/Internationalization/icudt64l/region/jmc.res" 1258
"../../../Engine/Content/Internationalization/icudt64l/lang/jv.res" 1259
"../../../Engine/Content/Internationalization/icudt64l/region/jv.res" 1260
"../../../Engine/Content/Internationalization/icudt64l/lang/ka.res" 1261
"../../../Engine/Content/Internationalization/icudt64l/region/ka.res" 1262
"../../../Engine/Content/Internationalization/icudt64l/lang/kab.res" 1263
"../../../Engine/Content/Internationalization/icudt64l/region/kab.res" 1264
"../../../Engine/Content/Internationalization/icudt64l/lang/kam.res" 1265
"../../../Engine/Content/Internationalization/icudt64l/region/kam.res" 1266
"../../../Engine/Content/Internationalization/icudt64l/lang/kde.res" 1267
"../../../Engine/Content/Internationalization/icudt64l/region/kde.res" 1268
"../../../Engine/Content/Internationalization/icudt64l/lang/kea.res" 1269
"../../../Engine/Content/Internationalization/icudt64l/region/kea.res" 1270
"../../../Engine/Content/Internationalization/icudt64l/lang/khq.res" 1271
"../../../Engine/Content/Internationalization/icudt64l/region/khq.res" 1272
"../../../Engine/Content/Internationalization/icudt64l/lang/ki.res" 1273
"../../../Engine/Content/Internationalization/icudt64l/region/ki.res" 1274
"../../../Engine/Content/Internationalization/icudt64l/lang/kk.res" 1275
"../../../Engine/Content/Internationalization/icudt64l/region/kk.res" 1276
"../../../Engine/Content/Internationalization/icudt64l/lang/kkj.res" 1277
"../../../Engine/Content/Internationalization/icudt64l/region/kkj.res" 1278
"../../../Engine/Content/Internationalization/icudt64l/lang/kl.res" 1279
"../../../Engine/Content/Internationalization/icudt64l/region/kl.res" 1280
"../../../Engine/Content/Internationalization/icudt64l/lang/kln.res" 1281
"../../../Engine/Content/Internationalization/icudt64l/region/kln.res" 1282
"../../../Engine/Content/Internationalization/icudt64l/lang/km.res" 1283
"../../../Engine/Content/Internationalization/icudt64l/region/km.res" 1284
"../../../Engine/Content/Internationalization/icudt64l/lang/kn.res" 1285
"../../../Engine/Content/Internationalization/icudt64l/region/kn.res" 1286
"../../../Engine/Content/Internationalization/icudt64l/lang/ko.res" 1287
"../../../Engine/Content/Internationalization/icudt64l/region/ko_KP.res" 1288
"../../../Engine/Content/Internationalization/icudt64l/region/ko.res" 1289
"../../../Engine/Content/Internationalization/icudt64l/lang/kok.res" 1290
"../../../Engine/Content/Internationalization/icudt64l/region/kok.res" 1291
"../../../Engine/Content/Internationalization/icudt64l/lang/ks.res" 1292
"../../../Engine/Content/Internationalization/icudt64l/region/ks.res" 1293
"../../../Engine/Content/Internationalization/icudt64l/lang/ksb.res" 1294
"../../../Engine/Content/Internationalization/icudt64l/region/ksb.res" 1295
"../../../Engine/Content/Internationalization/icudt64l/lang/ksf.res" 1296
"../../../Engine/Content/Internationalization/icudt64l/region/ksf.res" 1297
"../../../Engine/Content/Internationalization/icudt64l/lang/ksh.res" 1298
"../../../Engine/Content/Internationalization/icudt64l/region/ksh.res" 1299
"../../../Engine/Content/Internationalization/icudt64l/lang/ku.res" 1300
"../../../Engine/Content/Internationalization/icudt64l/region/ku.res" 1301
"../../../Engine/Content/Internationalization/icudt64l/lang/kw.res" 1302
"../../../Engine/Content/Internationalization/icudt64l/region/kw.res" 1303
"../../../Engine/Content/Internationalization/icudt64l/lang/ky.res" 1304
"../../../Engine/Content/Internationalization/icudt64l/region/ky.res" 1305
"../../../Engine/Content/Internationalization/icudt64l/lang/lag.res" 1306
"../../../Engine/Content/Internationalization/icudt64l/region/lag.res" 1307
"../../../Engine/Content/Internationalization/icudt64l/lang/lb.res" 1308
"../../../Engine/Content/Internationalization/icudt64l/region/lb.res" 1309
"../../../Engine/Content/Internationalization/icudt64l/lang/lg.res" 1310
"../../../Engine/Content/Internationalization/icudt64l/region/lg.res" 1311
"../../../Engine/Content/Internationalization/icudt64l/lang/lkt.res" 1312
"../../../Engine/Content/Internationalization/icudt64l/region/lkt.res" 1313
"../../../Engine/Content/Internationalization/icudt64l/lang/ln.res" 1314
"../../../Engine/Content/Internationalization/icudt64l/region/ln.res" 1315
"../../../Engine/Content/Internationalization/icudt64l/lang/lo.res" 1316
"../../../Engine/Content/Internationalization/icudt64l/region/lo.res" 1317
"../../../Engine/Content/Internationalization/icudt64l/lang/lrc.res" 1318
"../../../Engine/Content/Internationalization/icudt64l/region/lrc.res" 1319
"../../../Engine/Content/Internationalization/icudt64l/lang/lt.res" 1320
"../../../Engine/Content/Internationalization/icudt64l/region/lt.res" 1321
"../../../Engine/Content/Internationalization/icudt64l/lang/lu.res" 1322
"../../../Engine/Content/Internationalization/icudt64l/region/lu.res" 1323
"../../../Engine/Content/Internationalization/icudt64l/lang/luo.res" 1324
"../../../Engine/Content/Internationalization/icudt64l/region/luo.res" 1325
"../../../Engine/Content/Internationalization/icudt64l/lang/luy.res" 1326
"../../../Engine/Content/Internationalization/icudt64l/region/luy.res" 1327
"../../../Engine/Content/Internationalization/icudt64l/lang/lv.res" 1328
"../../../Engine/Content/Internationalization/icudt64l/region/lv.res" 1329
"../../../Engine/Content/Internationalization/icudt64l/lang/mas.res" 1330
"../../../Engine/Content/Internationalization/icudt64l/region/mas.res" 1331
"../../../Engine/Content/Internationalization/icudt64l/lang/mer.res" 1332
"../../../Engine/Content/Internationalization/icudt64l/region/mer.res" 1333
"../../../Engine/Content/Internationalization/icudt64l/lang/mfe.res" 1334
"../../../Engine/Content/Internationalization/icudt64l/region/mfe.res" 1335
"../../../Engine/Content/Internationalization/icudt64l/lang/mg.res" 1336
"../../../Engine/Content/Internationalization/icudt64l/region/mg.res" 1337
"../../../Engine/Content/Internationalization/icudt64l/lang/mgh.res" 1338
"../../../Engine/Content/Internationalization/icudt64l/region/mgh.res" 1339
"../../../Engine/Content/Internationalization/icudt64l/lang/mgo.res" 1340
"../../../Engine/Content/Internationalization/icudt64l/region/mgo.res" 1341
"../../../Engine/Content/Internationalization/icudt64l/lang/mi.res" 1342
"../../../Engine/Content/Internationalization/icudt64l/region/mi.res" 1343
"../../../Engine/Content/Internationalization/icudt64l/lang/mk.res" 1344
"../../../Engine/Content/Internationalization/icudt64l/region/mk.res" 1345
"../../../Engine/Content/Internationalization/icudt64l/lang/ml.res" 1346
"../../../Engine/Content/Internationalization/icudt64l/region/ml.res" 1347
"../../../Engine/Content/Internationalization/icudt64l/lang/mn.res" 1348
"../../../Engine/Content/Internationalization/icudt64l/region/mn.res" 1349
"../../../Engine/Content/Internationalization/icudt64l/lang/mr.res" 1350
"../../../Engine/Content/Internationalization/icudt64l/region/mr.res" 1351
"../../../Engine/Content/Internationalization/icudt64l/lang/ms.res" 1352
"../../../Engine/Content/Internationalization/icudt64l/region/ms.res" 1353
"../../../Engine/Content/Internationalization/icudt64l/lang/mt.res" 1354
"../../../Engine/Content/Internationalization/icudt64l/region/mt.res" 1355
"../../../Engine/Content/Internationalization/icudt64l/lang/mua.res" 1356
"../../../Engine/Content/Internationalization/icudt64l/region/mua.res" 1357
"../../../Engine/Content/Internationalization/icudt64l/lang/my.res" 1358
"../../../Engine/Content/Internationalization/icudt64l/region/my.res" 1359
"../../../Engine/Content/Internationalization/icudt64l/lang/mzn.res" 1360
"../../../Engine/Content/Internationalization/icudt64l/region/mzn.res" 1361
"../../../Engine/Content/Internationalization/icudt64l/lang/naq.res" 1362
"../../../Engine/Content/Internationalization/icudt64l/region/naq.res" 1363
"../../../Engine/Content/Internationalization/icudt64l/lang/nb.res" 1364
"../../../Engine/Content/Internationalization/icudt64l/lang/nb_NO.res" 1365
"../../../Engine/Content/Internationalization/icudt64l/region/nb_NO.res" 1366
"../../../Engine/Content/Internationalization/icudt64l/region/nb.res" 1367
"../../../Engine/Content/Internationalization/icudt64l/lang/nd.res" 1368
"../../../Engine/Content/Internationalization/icudt64l/region/nd.res" 1369
"../../../Engine/Content/Internationalization/icudt64l/lang/nds.res" 1370
"../../../Engine/Content/Internationalization/icudt64l/region/nds.res" 1371
"../../../Engine/Content/Internationalization/icudt64l/lang/ne.res" 1372
"../../../Engine/Content/Internationalization/icudt64l/region/ne.res" 1373
"../../../Engine/Content/Internationalization/icudt64l/lang/nl.res" 1374
"../../../Engine/Content/Internationalization/icudt64l/region/nl.res" 1375
"../../../Engine/Content/Internationalization/icudt64l/lang/nmg.res" 1376
"../../../Engine/Content/Internationalization/icudt64l/region/nmg.res" 1377
"../../../Engine/Content/Internationalization/icudt64l/lang/nn.res" 1378
"../../../Engine/Content/Internationalization/icudt64l/lang/nn_NO.res" 1379
"../../../Engine/Content/Internationalization/icudt64l/region/nn_NO.res" 1380
"../../../Engine/Content/Internationalization/icudt64l/region/nn.res" 1381
"../../../Engine/Content/Internationalization/icudt64l/lang/nnh.res" 1382
"../../../Engine/Content/Internationalization/icudt64l/region/nnh.res" 1383
"../../../Engine/Content/Internationalization/icudt64l/lang/nus.res" 1384
"../../../Engine/Content/Internationalization/icudt64l/region/nus.res" 1385
"../../../Engine/Content/Internationalization/icudt64l/lang/nyn.res" 1386
"../../../Engine/Content/Internationalization/icudt64l/region/nyn.res" 1387
"../../../Engine/Content/Internationalization/icudt64l/lang/om.res" 1388
"../../../Engine/Content/Internationalization/icudt64l/region/om.res" 1389
"../../../Engine/Content/Internationalization/icudt64l/lang/or.res" 1390
"../../../Engine/Content/Internationalization/icudt64l/region/or.res" 1391
"../../../Engine/Content/Internationalization/icudt64l/lang/os.res" 1392
"../../../Engine/Content/Internationalization/icudt64l/region/os.res" 1393
"../../../Engine/Content/Internationalization/icudt64l/lang/pa.res" 1394
"../../../Engine/Content/Internationalization/icudt64l/lang/pa_Arab.res" 1395
"../../../Engine/Content/Internationalization/icudt64l/lang/pa_PK.res" 1396
"../../../Engine/Content/Internationalization/icudt64l/lang/pa_Arab_PK.res" 1397
"../../../Engine/Content/Internationalization/icudt64l/region/pa_PK.res" 1398
"../../../Engine/Content/Internationalization/icudt64l/region/pa_Arab_PK.res" 1399
"../../../Engine/Content/Internationalization/icudt64l/region/pa_Arab.res" 1400
"../../../Engine/Content/Internationalization/icudt64l/lang/pa_Guru.res" 1401
"../../../Engine/Content/Internationalization/icudt64l/lang/pa_IN.res" 1402
"../../../Engine/Content/Internationalization/icudt64l/lang/pa_Guru_IN.res" 1403
"../../../Engine/Content/Internationalization/icudt64l/region/pa_IN.res" 1404
"../../../Engine/Content/Internationalization/icudt64l/region/pa_Guru_IN.res" 1405
"../../../Engine/Content/Internationalization/icudt64l/region/pa_Guru.res" 1406
"../../../Engine/Content/Internationalization/icudt64l/region/pa.res" 1407
"../../../Engine/Content/Internationalization/icudt64l/lang/pl.res" 1408
"../../../Engine/Content/Internationalization/icudt64l/region/pl.res" 1409
"../../../Engine/Content/Internationalization/icudt64l/lang/ps.res" 1410
"../../../Engine/Content/Internationalization/icudt64l/region/ps.res" 1411
"../../../Engine/Content/Internationalization/icudt64l/lang/ps_PK.res" 1412
"../../../Engine/Content/Internationalization/icudt64l/region/ps_PK.res" 1413
"../../../Engine/Content/Internationalization/icudt64l/lang/pt.res" 1414
"../../../Engine/Content/Internationalization/icudt64l/lang/pt_AO.res" 1415
"../../../Engine/Content/Internationalization/icudt64l/lang/pt_PT.res" 1416
"../../../Engine/Content/Internationalization/icudt64l/region/pt_AO.res" 1417
"../../../Engine/Content/Internationalization/icudt64l/region/pt_PT.res" 1418
"../../../Engine/Content/Internationalization/icudt64l/region/pt.res" 1419
"../../../Engine/Content/Internationalization/icudt64l/lang/pt_CH.res" 1420
"../../../Engine/Content/Internationalization/icudt64l/region/pt_CH.res" 1421
"../../../Engine/Content/Internationalization/icudt64l/lang/pt_CV.res" 1422
"../../../Engine/Content/Internationalization/icudt64l/region/pt_CV.res" 1423
"../../../Engine/Content/Internationalization/icudt64l/lang/pt_GQ.res" 1424
"../../../Engine/Content/Internationalization/icudt64l/region/pt_GQ.res" 1425
"../../../Engine/Content/Internationalization/icudt64l/lang/pt_GW.res" 1426
"../../../Engine/Content/Internationalization/icudt64l/region/pt_GW.res" 1427
"../../../Engine/Content/Internationalization/icudt64l/lang/pt_LU.res" 1428
"../../../Engine/Content/Internationalization/icudt64l/region/pt_LU.res" 1429
"../../../Engine/Content/Internationalization/icudt64l/lang/pt_MO.res" 1430
"../../../Engine/Content/Internationalization/icudt64l/region/pt_MO.res" 1431
"../../../Engine/Content/Internationalization/icudt64l/lang/pt_MZ.res" 1432
"../../../Engine/Content/Internationalization/icudt64l/region/pt_MZ.res" 1433
"../../../Engine/Content/Internationalization/icudt64l/lang/pt_ST.res" 1434
"../../../Engine/Content/Internationalization/icudt64l/region/pt_ST.res" 1435
"../../../Engine/Content/Internationalization/icudt64l/lang/pt_TL.res" 1436
"../../../Engine/Content/Internationalization/icudt64l/region/pt_TL.res" 1437
"../../../Engine/Content/Internationalization/icudt64l/lang/qu.res" 1438
"../../../Engine/Content/Internationalization/icudt64l/region/qu.res" 1439
"../../../Engine/Content/Internationalization/icudt64l/lang/rm.res" 1440
"../../../Engine/Content/Internationalization/icudt64l/region/rm.res" 1441
"../../../Engine/Content/Internationalization/icudt64l/lang/rn.res" 1442
"../../../Engine/Content/Internationalization/icudt64l/region/rn.res" 1443
"../../../Engine/Content/Internationalization/icudt64l/lang/ro.res" 1444
"../../../Engine/Content/Internationalization/icudt64l/lang/ro_MD.res" 1445
"../../../Engine/Content/Internationalization/icudt64l/region/ro_MD.res" 1446
"../../../Engine/Content/Internationalization/icudt64l/region/ro.res" 1447
"../../../Engine/Content/Internationalization/icudt64l/lang/rof.res" 1448
"../../../Engine/Content/Internationalization/icudt64l/region/rof.res" 1449
"../../../Engine/Content/Internationalization/icudt64l/lang/ru.res" 1450
"../../../Engine/Content/Internationalization/icudt64l/region/ru.res" 1451
"../../../Engine/Content/Internationalization/icudt64l/region/ru_UA.res" 1452
"../../../Engine/Content/Internationalization/icudt64l/lang/rw.res" 1453
"../../../Engine/Content/Internationalization/icudt64l/region/rw.res" 1454
"../../../Engine/Content/Internationalization/icudt64l/lang/rwk.res" 1455
"../../../Engine/Content/Internationalization/icudt64l/region/rwk.res" 1456
"../../../Engine/Content/Internationalization/icudt64l/lang/sah.res" 1457
"../../../Engine/Content/Internationalization/icudt64l/region/sah.res" 1458
"../../../Engine/Content/Internationalization/icudt64l/lang/saq.res" 1459
"../../../Engine/Content/Internationalization/icudt64l/region/saq.res" 1460
"../../../Engine/Content/Internationalization/icudt64l/lang/sbp.res" 1461
"../../../Engine/Content/Internationalization/icudt64l/region/sbp.res" 1462
"../../../Engine/Content/Internationalization/icudt64l/lang/sd.res" 1463
"../../../Engine/Content/Internationalization/icudt64l/region/sd.res" 1464
"../../../Engine/Content/Internationalization/icudt64l/lang/se.res" 1465
"../../../Engine/Content/Internationalization/icudt64l/lang/se_FI.res" 1466
"../../../Engine/Content/Internationalization/icudt64l/region/se_FI.res" 1467
"../../../Engine/Content/Internationalization/icudt64l/region/se.res" 1468
"../../../Engine/Content/Internationalization/icudt64l/lang/seh.res" 1469
"../../../Engine/Content/Internationalization/icudt64l/region/seh.res" 1470
"../../../Engine/Content/Internationalization/icudt64l/lang/ses.res" 1471
"../../../Engine/Content/Internationalization/icudt64l/region/ses.res" 1472
"../../../Engine/Content/Internationalization/icudt64l/lang/sg.res" 1473
"../../../Engine/Content/Internationalization/icudt64l/region/sg.res" 1474
"../../../Engine/Content/Internationalization/icudt64l/lang/shi.res" 1475
"../../../Engine/Content/Internationalization/icudt64l/lang/shi_Latn.res" 1476
"../../../Engine/Content/Internationalization/icudt64l/lang/shi_MA.res" 1477
"../../../Engine/Content/Internationalization/icudt64l/lang/shi_Tfng_MA.res" 1478
"../../../Engine/Content/Internationalization/icudt64l/lang/shi_Tfng.res" 1479
"../../../Engine/Content/Internationalization/icudt64l/region/shi_MA.res" 1480
"../../../Engine/Content/Internationalization/icudt64l/region/shi_Tfng_MA.res" 1481
"../../../Engine/Content/Internationalization/icudt64l/region/shi_Tfng.res" 1482
"../../../Engine/Content/Internationalization/icudt64l/region/shi.res" 1483
"../../../Engine/Content/Internationalization/icudt64l/region/shi_Latn.res" 1484
"../../../Engine/Content/Internationalization/icudt64l/lang/si.res" 1485
"../../../Engine/Content/Internationalization/icudt64l/region/si.res" 1486
"../../../Engine/Content/Internationalization/icudt64l/lang/sk.res" 1487
"../../../Engine/Content/Internationalization/icudt64l/region/sk.res" 1488
"../../../Engine/Content/Internationalization/icudt64l/lang/sl.res" 1489
"../../../Engine/Content/Internationalization/icudt64l/region/sl.res" 1490
"../../../Engine/Content/Internationalization/icudt64l/lang/smn.res" 1491
"../../../Engine/Content/Internationalization/icudt64l/region/smn.res" 1492
"../../../Engine/Content/Internationalization/icudt64l/lang/sn.res" 1493
"../../../Engine/Content/Internationalization/icudt64l/region/sn.res" 1494
"../../../Engine/Content/Internationalization/icudt64l/lang/so.res" 1495
"../../../Engine/Content/Internationalization/icudt64l/region/so.res" 1496
"../../../Engine/Content/Internationalization/icudt64l/lang/sq.res" 1497
"../../../Engine/Content/Internationalization/icudt64l/region/sq.res" 1498
"../../../Engine/Content/Internationalization/icudt64l/lang/sr.res" 1499
"../../../Engine/Content/Internationalization/icudt64l/lang/sr_Cyrl.res" 1500
"../../../Engine/Content/Internationalization/icudt64l/lang/sr_BA.res" 1501
"../../../Engine/Content/Internationalization/icudt64l/lang/sr_Cyrl_BA.res" 1502
"../../../Engine/Content/Internationalization/icudt64l/region/sr_BA.res" 1503
"../../../Engine/Content/Internationalization/icudt64l/region/sr_Cyrl_BA.res" 1504
"../../../Engine/Content/Internationalization/icudt64l/region/sr_Cyrl.res" 1505
"../../../Engine/Content/Internationalization/icudt64l/region/sr.res" 1506
"../../../Engine/Content/Internationalization/icudt64l/lang/sr_ME.res" 1507
"../../../Engine/Content/Internationalization/icudt64l/lang/sr_Latn_ME.res" 1508
"../../../Engine/Content/Internationalization/icudt64l/lang/sr_Latn.res" 1509
"../../../Engine/Content/Internationalization/icudt64l/region/sr_ME.res" 1510
"../../../Engine/Content/Internationalization/icudt64l/region/sr_Latn_ME.res" 1511
"../../../Engine/Content/Internationalization/icudt64l/region/sr_Latn.res" 1512
"../../../Engine/Content/Internationalization/icudt64l/lang/sr_Cyrl_ME.res" 1513
"../../../Engine/Content/Internationalization/icudt64l/region/sr_Cyrl_ME.res" 1514
"../../../Engine/Content/Internationalization/icudt64l/lang/sr_RS.res" 1515
"../../../Engine/Content/Internationalization/icudt64l/lang/sr_Cyrl_RS.res" 1516
"../../../Engine/Content/Internationalization/icudt64l/region/sr_RS.res" 1517
"../../../Engine/Content/Internationalization/icudt64l/region/sr_Cyrl_RS.res" 1518
"../../../Engine/Content/Internationalization/icudt64l/lang/sr_XK.res" 1519
"../../../Engine/Content/Internationalization/icudt64l/lang/sr_Cyrl_XK.res" 1520
"../../../Engine/Content/Internationalization/icudt64l/region/sr_XK.res" 1521
"../../../Engine/Content/Internationalization/icudt64l/region/sr_Cyrl_XK.res" 1522
"../../../Engine/Content/Internationalization/icudt64l/lang/sr_Latn_BA.res" 1523
"../../../Engine/Content/Internationalization/icudt64l/region/sr_Latn_BA.res" 1524
"../../../Engine/Content/Internationalization/icudt64l/lang/sr_Latn_RS.res" 1525
"../../../Engine/Content/Internationalization/icudt64l/region/sr_Latn_RS.res" 1526
"../../../Engine/Content/Internationalization/icudt64l/lang/sr_Latn_XK.res" 1527
"../../../Engine/Content/Internationalization/icudt64l/region/sr_Latn_XK.res" 1528
"../../../Engine/Content/Internationalization/icudt64l/lang/sv.res" 1529
"../../../Engine/Content/Internationalization/icudt64l/region/sv.res" 1530
"../../../Engine/Content/Internationalization/icudt64l/lang/sv_FI.res" 1531
"../../../Engine/Content/Internationalization/icudt64l/lang/sw.res" 1532
"../../../Engine/Content/Internationalization/icudt64l/lang/sw_CD.res" 1533
"../../../Engine/Content/Internationalization/icudt64l/region/sw_CD.res" 1534
"../../../Engine/Content/Internationalization/icudt64l/region/sw.res" 1535
"../../../Engine/Content/Internationalization/icudt64l/lang/sw_KE.res" 1536
"../../../Engine/Content/Internationalization/icudt64l/region/sw_KE.res" 1537
"../../../Engine/Content/Internationalization/icudt64l/lang/ta.res" 1538
"../../../Engine/Content/Internationalization/icudt64l/region/ta.res" 1539
"../../../Engine/Content/Internationalization/icudt64l/lang/te.res" 1540
"../../../Engine/Content/Internationalization/icudt64l/region/te.res" 1541
"../../../Engine/Content/Internationalization/icudt64l/lang/teo.res" 1542
"../../../Engine/Content/Internationalization/icudt64l/region/teo.res" 1543
"../../../Engine/Content/Internationalization/icudt64l/lang/tg.res" 1544
"../../../Engine/Content/Internationalization/icudt64l/region/tg.res" 1545
"../../../Engine/Content/Internationalization/icudt64l/lang/th.res" 1546
"../../../Engine/Content/Internationalization/icudt64l/lang/th_TH.res" 1547
"../../../Engine/Content/Internationalization/icudt64l/region/th_TH.res" 1548
"../../../Engine/Content/Internationalization/icudt64l/region/th.res" 1549
"../../../Engine/Content/Internationalization/icudt64l/lang/ti.res" 1550
"../../../Engine/Content/Internationalization/icudt64l/region/ti.res" 1551
"../../../Engine/Content/Internationalization/icudt64l/lang/tk.res" 1552
"../../../Engine/Content/Internationalization/icudt64l/region/tk.res" 1553
"../../../Engine/Content/Internationalization/icudt64l/lang/to.res" 1554
"../../../Engine/Content/Internationalization/icudt64l/region/to.res" 1555
"../../../Engine/Content/Internationalization/icudt64l/lang/tr.res" 1556
"../../../Engine/Content/Internationalization/icudt64l/region/tr.res" 1557
"../../../Engine/Content/Internationalization/icudt64l/lang/tt.res" 1558
"../../../Engine/Content/Internationalization/icudt64l/region/tt.res" 1559
"../../../Engine/Content/Internationalization/icudt64l/lang/twq.res" 1560
"../../../Engine/Content/Internationalization/icudt64l/region/twq.res" 1561
"../../../Engine/Content/Internationalization/icudt64l/lang/tzm.res" 1562
"../../../Engine/Content/Internationalization/icudt64l/region/tzm.res" 1563
"../../../Engine/Content/Internationalization/icudt64l/lang/ug.res" 1564
"../../../Engine/Content/Internationalization/icudt64l/region/ug.res" 1565
"../../../Engine/Content/Internationalization/icudt64l/lang/uk.res" 1566
"../../../Engine/Content/Internationalization/icudt64l/region/uk.res" 1567
"../../../Engine/Content/Internationalization/icudt64l/lang/ur.res" 1568
"../../../Engine/Content/Internationalization/icudt64l/lang/ur_IN.res" 1569
"../../../Engine/Content/Internationalization/icudt64l/region/ur_IN.res" 1570
"../../../Engine/Content/Internationalization/icudt64l/region/ur.res" 1571
"../../../Engine/Content/Internationalization/icudt64l/lang/uz.res" 1572
"../../../Engine/Content/Internationalization/icudt64l/lang/uz_Arab.res" 1573
"../../../Engine/Content/Internationalization/icudt64l/lang/uz_AF.res" 1574
"../../../Engine/Content/Internationalization/icudt64l/lang/uz_Arab_AF.res" 1575
"../../../Engine/Content/Internationalization/icudt64l/region/uz_AF.res" 1576
"../../../Engine/Content/Internationalization/icudt64l/region/uz_Arab_AF.res" 1577
"../../../Engine/Content/Internationalization/icudt64l/region/uz_Arab.res" 1578
"../../../Engine/Content/Internationalization/icudt64l/lang/uz_Cyrl.res" 1579
"../../../Engine/Content/Internationalization/icudt64l/lang/uz_UZ.res" 1580
"../../../Engine/Content/Internationalization/icudt64l/lang/uz_Latn_UZ.res" 1581
"../../../Engine/Content/Internationalization/icudt64l/lang/uz_Latn.res" 1582
"../../../Engine/Content/Internationalization/icudt64l/region/uz_UZ.res" 1583
"../../../Engine/Content/Internationalization/icudt64l/region/uz_Latn_UZ.res" 1584
"../../../Engine/Content/Internationalization/icudt64l/region/uz_Latn.res" 1585
"../../../Engine/Content/Internationalization/icudt64l/region/uz.res" 1586
"../../../Engine/Content/Internationalization/icudt64l/region/uz_Cyrl.res" 1587
"../../../Engine/Content/Internationalization/icudt64l/lang/vai.res" 1588
"../../../Engine/Content/Internationalization/icudt64l/lang/vai_Latn.res" 1589
"../../../Engine/Content/Internationalization/icudt64l/lang/vai_LR.res" 1590
"../../../Engine/Content/Internationalization/icudt64l/lang/vai_Vaii_LR.res" 1591
"../../../Engine/Content/Internationalization/icudt64l/lang/vai_Vaii.res" 1592
"../../../Engine/Content/Internationalization/icudt64l/region/vai_LR.res" 1593
"../../../Engine/Content/Internationalization/icudt64l/region/vai_Vaii_LR.res" 1594
"../../../Engine/Content/Internationalization/icudt64l/region/vai_Vaii.res" 1595
"../../../Engine/Content/Internationalization/icudt64l/region/vai.res" 1596
"../../../Engine/Content/Internationalization/icudt64l/region/vai_Latn.res" 1597
"../../../Engine/Content/Internationalization/icudt64l/lang/vi.res" 1598
"../../../Engine/Content/Internationalization/icudt64l/region/vi.res" 1599
"../../../Engine/Content/Internationalization/icudt64l/lang/vun.res" 1600
"../../../Engine/Content/Internationalization/icudt64l/region/vun.res" 1601
"../../../Engine/Content/Internationalization/icudt64l/lang/wae.res" 1602
"../../../Engine/Content/Internationalization/icudt64l/region/wae.res" 1603
"../../../Engine/Content/Internationalization/icudt64l/lang/wo.res" 1604
"../../../Engine/Content/Internationalization/icudt64l/region/wo.res" 1605
"../../../Engine/Content/Internationalization/icudt64l/lang/xh.res" 1606
"../../../Engine/Content/Internationalization/icudt64l/region/xh.res" 1607
"../../../Engine/Content/Internationalization/icudt64l/lang/xog.res" 1608
"../../../Engine/Content/Internationalization/icudt64l/region/xog.res" 1609
"../../../Engine/Content/Internationalization/icudt64l/lang/yav.res" 1610
"../../../Engine/Content/Internationalization/icudt64l/region/yav.res" 1611
"../../../Engine/Content/Internationalization/icudt64l/lang/yi.res" 1612
"../../../Engine/Content/Internationalization/icudt64l/region/yi.res" 1613
"../../../Engine/Content/Internationalization/icudt64l/lang/yo.res" 1614
"../../../Engine/Content/Internationalization/icudt64l/lang/yo_BJ.res" 1615
"../../../Engine/Content/Internationalization/icudt64l/region/yo_BJ.res" 1616
"../../../Engine/Content/Internationalization/icudt64l/region/yo.res" 1617
"../../../Engine/Content/Internationalization/icudt64l/lang/yue.res" 1618
"../../../Engine/Content/Internationalization/icudt64l/lang/yue_Hans.res" 1619
"../../../Engine/Content/Internationalization/icudt64l/lang/yue_CN.res" 1620
"../../../Engine/Content/Internationalization/icudt64l/lang/yue_Hans_CN.res" 1621
"../../../Engine/Content/Internationalization/icudt64l/region/yue_CN.res" 1622
"../../../Engine/Content/Internationalization/icudt64l/region/yue_Hans_CN.res" 1623
"../../../Engine/Content/Internationalization/icudt64l/region/yue_Hans.res" 1624
"../../../Engine/Content/Internationalization/icudt64l/lang/yue_Hant.res" 1625
"../../../Engine/Content/Internationalization/icudt64l/lang/yue_HK.res" 1626
"../../../Engine/Content/Internationalization/icudt64l/lang/yue_Hant_HK.res" 1627
"../../../Engine/Content/Internationalization/icudt64l/region/yue_HK.res" 1628
"../../../Engine/Content/Internationalization/icudt64l/region/yue_Hant_HK.res" 1629
"../../../Engine/Content/Internationalization/icudt64l/region/yue_Hant.res" 1630
"../../../Engine/Content/Internationalization/icudt64l/region/yue.res" 1631
"../../../Engine/Content/Internationalization/icudt64l/lang/zgh.res" 1632
"../../../Engine/Content/Internationalization/icudt64l/region/zgh.res" 1633
"../../../Engine/Content/Internationalization/icudt64l/lang/zh.res" 1634
"../../../Engine/Content/Internationalization/icudt64l/lang/zh_Hans.res" 1635
"../../../Engine/Content/Internationalization/icudt64l/lang/zh_CN.res" 1636
"../../../Engine/Content/Internationalization/icudt64l/lang/zh_Hans_CN.res" 1637
"../../../Engine/Content/Internationalization/icudt64l/region/zh_CN.res" 1638
"../../../Engine/Content/Internationalization/icudt64l/region/zh_Hans_CN.res" 1639
"../../../Engine/Content/Internationalization/icudt64l/region/zh_Hans.res" 1640
"../../../Engine/Content/Internationalization/icudt64l/region/zh.res" 1641
"../../../Engine/Content/Internationalization/icudt64l/lang/zh_HK.res" 1642
"../../../Engine/Content/Internationalization/icudt64l/lang/zh_Hant_HK.res" 1643
"../../../Engine/Content/Internationalization/icudt64l/lang/zh_Hant.res" 1644
"../../../Engine/Content/Internationalization/icudt64l/region/zh_HK.res" 1645
"../../../Engine/Content/Internationalization/icudt64l/region/zh_Hant_HK.res" 1646
"../../../Engine/Content/Internationalization/icudt64l/region/zh_Hant.res" 1647
"../../../Engine/Content/Internationalization/icudt64l/lang/zh_MO.res" 1648
"../../../Engine/Content/Internationalization/icudt64l/lang/zh_Hant_MO.res" 1649
"../../../Engine/Content/Internationalization/icudt64l/region/zh_MO.res" 1650
"../../../Engine/Content/Internationalization/icudt64l/region/zh_Hant_MO.res" 1651
"../../../Engine/Content/Internationalization/icudt64l/lang/zh_SG.res" 1652
"../../../Engine/Content/Internationalization/icudt64l/lang/zh_Hans_SG.res" 1653
"../../../Engine/Content/Internationalization/icudt64l/region/zh_SG.res" 1654
"../../../Engine/Content/Internationalization/icudt64l/region/zh_Hans_SG.res" 1655
"../../../Engine/Content/Internationalization/icudt64l/lang/zh_TW.res" 1656
"../../../Engine/Content/Internationalization/icudt64l/lang/zh_Hant_TW.res" 1657
"../../../Engine/Content/Internationalization/icudt64l/region/zh_TW.res" 1658
"../../../Engine/Content/Internationalization/icudt64l/region/zh_Hant_TW.res" 1659
"../../../Engine/Content/Internationalization/icudt64l/lang/zu.res" 1660
"../../../Engine/Content/Internationalization/icudt64l/region/zu.res" 1661
"../../../Engine/Content/Internationalization/icudt64l/lang/no.res" 1662
"../../../Engine/Content/Internationalization/icudt64l/lang/tl.res" 1663
"../../../Engine/Config/Android/DataDrivenPlatformInfo.ini" 1664
"../../../Engine/Config/HoloLens/DataDrivenPlatformInfo.ini" 1665
"../../../Engine/Config/IOS/DataDrivenPlatformInfo.ini" 1666
"../../../Engine/Config/Linux/DataDrivenPlatformInfo.ini" 1667
"../../../Engine/Config/LinuxArm64/DataDrivenPlatformInfo.ini" 1668
"../../../Engine/Config/Mac/DataDrivenPlatformInfo.ini" 1669
"../../../Engine/Config/TVOS/DataDrivenPlatformInfo.ini" 1670
"../../../Engine/Config/Unix/DataDrivenPlatformInfo.ini" 1671
"../../../Engine/Config/VulkanPC/DataDrivenPlatformInfo.ini" 1672
"../../../Engine/Config/Windows/DataDrivenPlatformInfo.ini" 1673
"../../../Engine/DerivedDataCache/Compressed.ddp" 1674
"C:/Users/kbc12306075/AppData/Local/UnrealEngine/Common/DerivedDataCache/TestData/0/TestData_4kb.dat" 1675
"C:/Users/kbc12306075/AppData/Local/UnrealEngine/Common/DerivedDataCache/TestData/1/TestData_4kb.dat" 1676
"C:/Users/kbc12306075/AppData/Local/UnrealEngine/Common/DerivedDataCache/TestData/0/TestData_8kb.dat" 1677
"C:/Users/kbc12306075/AppData/Local/UnrealEngine/Common/DerivedDataCache/TestData/1/TestData_8kb.dat" 1678
"C:/Users/kbc12306075/AppData/Local/UnrealEngine/Common/DerivedDataCache/TestData/0/TestData_16kb.dat" 1679
"C:/Users/kbc12306075/AppData/Local/UnrealEngine/Common/DerivedDataCache/TestData/1/TestData_16kb.dat" 1680
"C:/Users/kbc12306075/AppData/Local/UnrealEngine/Common/DerivedDataCache/TestData/0/TestData_64kb.dat" 1681
"C:/Users/kbc12306075/AppData/Local/UnrealEngine/Common/DerivedDataCache/TestData/1/TestData_64kb.dat" 1682
"C:/Users/kbc12306075/AppData/Local/UnrealEngine/Common/DerivedDataCache/TestData/0/TestData_128kb.dat" 1683
"C:/Users/kbc12306075/AppData/Local/UnrealEngine/Common/DerivedDataCache/TestData/1/TestData_128kb.dat" 1684
"C:/Users/kbc12306075/AppData/Local/UnrealEngine/Common/DerivedDataCache/TestData/0/TestData_256kb.dat" 1685
"C:/Users/kbc12306075/AppData/Local/UnrealEngine/Common/DerivedDataCache/TestData/1/TestData_256kb.dat" 1686
"../../../Engine/Plugins/FX/Niagara/Shaders/Private/NiagaraSpriteVertexFactory.ush" 1687
"../../../Engine/Shaders/Private/VertexFactoryCommon.ush" 1688
"../../../Engine/Shaders/Private/Common.ush" 1689
"../../../Engine/Shaders/Public/Platform.ush" 1690
"../../../Engine/Shaders/Public/FP16Math.ush" 1691
"../../../Engine/Shaders/Public/Platform/D3D/D3DCommon.ush" 1692
"../../../Engine/Shaders/Public/BindlessResources.ush" 1693
"../../../Engine/Shaders/Public/ShaderVersion.ush" 1694
"../../../Engine/Shaders/Private/GeneratedUniformBufferTypes.ush" 1695
"../../../Engine/Shaders/Private/Nanite/NanitePackedNaniteView.ush" 1696
"../../../Engine/Shaders/Private/HairStrands/HairStrandsVisibilityCommonStruct.ush" 1697
"../../../Engine/Shaders/Private/HairStrands/HairStrandsVoxelPageCommonStruct.ush" 1698
"../../../Engine/Shaders/Private/HairStrands/HairStrandsDeepShadowCommonStruct.ush" 1699
"../../../Engine/Shaders/Private/CommonViewUniformBuffer.ush" 1700
"../../../Engine/Shaders/Private/LargeWorldCoordinates.ush" 1701
"../../../Engine/Shaders/Private/LWCOperations.ush" 1702
"../../../Engine/Shaders/Private/InstancedStereo.ush" 1703
"../../../Engine/Shaders/Private/Definitions.usf" 1704
"../../../Engine/Shaders/Private/AssertionMacros.ush" 1705
"../../../Engine/Shaders/Private/FastMath.ush" 1706
"../../../Engine/Shaders/Private/FastMathThirdParty.ush" 1707
"../../../Engine/Shaders/Private/Random.ush" 1708
"../../../Engine/Shaders/Private/SceneData.ush" 1709
"../../../Engine/Shaders/Private/OctahedralCommon.ush" 1710
"../../../Engine/Shaders/Private/ParticleVertexFactoryCommon.ush" 1711
"../../../Engine/Plugins/FX/Niagara/Shaders/Private/NiagaraVFCommon.usf" 1712
"../../../Engine/Plugins/FX/Niagara/Shaders/Private/NiagaraVFParticleAccess.usf" 1713
"../../../Engine/Plugins/FX/Niagara/Shaders/Private/NiagaraParticleAccess.ush" 1714
"../../../Engine/Shaders/Private/VertexFactoryDefaultInterface.ush" 1715
"../../../Engine/Plugins/FX/Niagara/Shaders/Private/NiagaraRibbonVertexFactory.ush" 1716
"../../../Engine/Plugins/FX/Niagara/Shaders/Private/NiagaraMeshVertexFactory.ush" 1717
"../../../Engine/Plugins/FX/Niagara/Shaders/Private/NiagaraCommon.ush" 1718
"../../../Engine/Plugins/FX/Niagara/Shaders/Private/NiagaraMeshParticleUtils.ush" 1719
"../../../Engine/Shaders/Private/RayTracing/RayTracingCommon.ush" 1720
"../../../Engine/Shaders/Private/ShadingCommon.ush" 1721
"../../../Engine/Shaders/Shared/RayTracingDefinitions.h" 1722
"../../../Engine/Shaders/Private/Strata/Strata.ush" 1723
"../../../Engine/Shaders/Private/ShadingEnergyConservation.ush" 1724
"../../../Engine/Shaders/Private/ShadingEnergyConservationTemplate.ush" 1725
"../../../Engine/Shaders/Private/BRDF.ush" 1726
"../../../Engine/Shaders/Private/ColorSpace.ush" 1727
"../../../Engine/Shaders/Private/DeferredShadingCommon.ush" 1728
"../../../Engine/Shaders/Private/LightAccumulator.ush" 1729
"../../../Engine/Shaders/Private/SceneTexturesCommon.ush" 1730
"../../../Engine/Shaders/Private/MonteCarlo.ush" 1731
"../../../Engine/Shaders/Private/GBufferHelpers.ush" 1732
"../../../Engine/Shaders/Private/SceneTextureParameters.ush" 1733
"C:/PinBall/Intermediate/ShaderAutogen/PCD3D_SM5/AutogenShaderHeaders.ush" 1734
"../../../Engine/Shaders/Private/ParticipatingMediaCommon.ush" 1735
"../../../Engine/Shaders/Private/ThinFilmBSDF.ush" 1736
"../../../Engine/Shaders/Private/MortonCode.ush" 1737
"../../../Engine/Shaders/Private/SubsurfaceProfileCommon.ush" 1738
"../../../Engine/Shaders/Private/BurleyNormalizedSSSCommon.ush" 1739
"../../../Engine/Shaders/Shared/StrataDefinitions.h" 1740
"../../../Engine/Shaders/Private/Strata/StrataStatisticalOperators.ush" 1741
"../../../Engine/Shaders/Private/PositionReconstructionCommon.ush" 1742
"../../../Engine/Shaders/Private/RayTracing/RayTracingHitGroupCommon.ush" 1743
"../../../Engine/Shaders/Shared/RayTracingBuiltInResources.h" 1744
"../../../Engine/Shaders/Private/VectorFieldVisualizationVertexFactory.ush" 1745
"../../../Engine/Shaders/Private/Nanite/NaniteVertexFactory.ush" 1746
"../../../Engine/Shaders/Private/LightmapData.ush" 1747
"../../../Engine/Shaders/Private/Nanite/NaniteDataDecode.ush" 1748
"../../../Engine/Shaders/Private/BitPacking.ush" 1749
"../../../Engine/Shaders/Private/BitStreamReaderImplementation.ush" 1750
"../../../Engine/Shaders/Shared/NaniteDefinitions.h" 1751
"../../../Engine/Shaders/Private/Nanite/NaniteAttributeDecode.ush" 1752
"../../../Engine/Shaders/Public/WaveBroadcastIntrinsics.ush" 1753
"../../../Engine/Shaders/Private/ParticleSpriteVertexFactory.ush" 1754
"../../../Engine/Shaders/Private/ParticleGPUSpriteVertexFactory.ush" 1755
"../../../Engine/Shaders/Private/ParticleBeamTrailVertexFactory.ush" 1756
"../../../Engine/Shaders/Private/MeshParticleVertexFactory.ush" 1757
"../../../Engine/Shaders/Private/LocalVertexFactory.ush" 1758
"../../../Engine/Shaders/Private/LocalVertexFactoryCommon.ush" 1759
"../../../Engine/Shaders/Private/GpuSkinCommon.ush" 1760
"../../../Engine/Shaders/Private/GpuSkinVertexFactory.ush" 1761
"../../../Engine/Shaders/Private/GeometryCollectionVertexFactory.ush" 1762
"../../../Engine/Shaders/Private/GeometryCacheVertexFactory.ush" 1763
"../../../Engine/Shaders/Private/LandscapeVertexFactory.ush" 1764
"../../../Engine/Plugins/Media/WmfMedia/Shaders/Private/MediaHardwareVideoDecoding.usf" 1765
"../../../Engine/Shaders/Private/GammaCorrectionCommon.ush" 1766
"../../../Engine/Shaders/Private/ColorUtils.ush" 1767
"../../../Engine/Plugins/Media/ImgMedia/Shaders/Private/ExrSwizzler.usf" 1768
"../../../Engine/Plugins/FX/Niagara/Shaders/Private/NiagaraFillIntBuffer.usf" 1769
"../../../Engine/Plugins/FX/Niagara/Shaders/Private/NiagaraComputeFreeIDs.usf" 1770
"../../../Engine/Plugins/FX/Niagara/Shaders/Private/NiagaraInitFreeIDBuffer.usf" 1771
"../../../Engine/Plugins/FX/Niagara/Shaders/Private/NiagaraEmitterInstanceShader.usf" 1772
"../../../Engine/Plugins/FX/Niagara/Shaders/Private/NiagaraShaderVersion.ush" 1773
"../../../Engine/Shaders/Private/DistanceField/GlobalDistanceFieldShared.ush" 1774
"../../../Engine/Plugins/FX/Niagara/Shaders/Private/NiagaraPhysicsCommon.ush" 1775
"../../../Engine/Plugins/FX/Niagara/Shaders/Private/Ribbons/NiagaraRibbonGenerateIndices.usf" 1776
"../../../Engine/Plugins/FX/Niagara/Shaders/Private/Ribbons/NiagaraRibbonCommon.ush" 1777
"../../../Engine/Plugins/FX/Niagara/Shaders/Private/Ribbons/NiagaraRibbonInitializeIndices.usf" 1778
"../../../Engine/Plugins/FX/Niagara/Shaders/Private/Ribbons/NiagaraRibbonRibbonUVParamCalculation.usf" 1779
"../../../Engine/Plugins/FX/Niagara/Shaders/Private/Ribbons/NiagaraRibbonVertexReductionFinalization.usf" 1780
"../../../Engine/Plugins/FX/Niagara/Shaders/Private/Ribbons/NiagaraRibbonVertexReductionPropagation.usf" 1781
"../../../Engine/Plugins/FX/Niagara/Shaders/Private/Ribbons/NiagaraRibbonVertexReductionInitialization.usf" 1782
"../../../Engine/Plugins/FX/Niagara/Shaders/Private/Ribbons/NiagaraRibbonSortParticles.usf" 1783
"../../../Engine/Plugins/FX/Niagara/Shaders/Private/NiagaraUpdateMeshGPUSceneInstances.usf" 1784
"../../../Engine/Shaders/Private/ComputeShaderUtils.ush" 1785
"../../../Engine/Shaders/Private/GPUScene/GPUSceneWriter.ush" 1786
"../../../Engine/Plugins/FX/Niagara/Shaders/Private/NiagaraGenerateMips.usf" 1787
"../../../Engine/Plugins/FX/Niagara/Shaders/Private/NiagaraDebugDraw.usf" 1788
"../../../Engine/Plugins/FX/Niagara/Shaders/Private/NiagaraDebugDraw.ush" 1789
"../../../Engine/Plugins/FX/Niagara/Shaders/Private/NiagaraVisualizeTexture.usf" 1790
"../../../Engine/Plugins/FX/Niagara/Shaders/Private/NiagaraClearCounts.usf" 1791
"../../../Engine/Plugins/FX/Niagara/Shaders/Private/NiagaraBatchedElements.usf" 1792
"../../../Engine/Plugins/FX/Niagara/Shaders/Private/NiagaraRayTracingShaders.usf" 1793
"../../../Engine/Plugins/FX/Niagara/Shaders/Private/NiagaraAsyncGpuTraceCommon.ush" 1794
"../../../Engine/Shaders/Private/HashTable.ush" 1795
"../../../Engine/Shaders/Private/Hash.ush" 1796
"../../../Engine/Shaders/Private/RayTracing/VFXTraceRay.ush" 1797
"../../../Engine/Plugins/FX/Niagara/Shaders/Private/NiagaraRayMarchingShaders.usf" 1798
"../../../Engine/Plugins/FX/Niagara/Shaders/Private/NiagaraRayTraceCollisionGroupShaders.usf" 1799
"../../../Engine/Plugins/FX/Niagara/Shaders/Private/NiagaraAsyncGpuTraceUtils.usf" 1800
"../../../Engine/Plugins/FX/Niagara/Shaders/Private/NiagaraSortKeyGen.usf" 1801
"../../../Engine/Plugins/FX/Niagara/Shaders/Private/NiagaraGPURayTracingTransforms.usf" 1802
"../../../Engine/Plugins/FX/Niagara/Shaders/Private/NiagaraDrawIndirectArgsGen.usf" 1803
"../../../Engine/Plugins/Enterprise/GLTFExporter/Shaders/Private/SimpleTexture2DPS.usf" 1804
"../../../Engine/Shaders/Private/SimpleElementNormalMapPixelShader.usf" 1805
"../../../Engine/Plugins/Enterprise/GLTFExporter/Shaders/Private/CubemapFacePS.usf" 1806
"../../../Engine/Plugins/Enterprise/GLTFExporter/Shaders/Private/CombinedTexturePS.usf" 1807
"../../../Engine/Shaders/Private/SlateElementPixelShader.usf" 1808
"../../../Engine/Shaders/Private/SlateShaderCommon.ush" 1809
"../../../Engine/Shaders/Private/MaterialTemplate.ush" 1810
"../../../Engine/Shaders/Private/EyeAdaptationCommon.ush" 1811
"../../../Engine/Shaders/Private/SobolRandom.ush" 1812
"../../../Engine/Shaders/Private/DepthOfFieldCommon.ush" 1813
"../../../Engine/Shaders/Private/CircleDOFCommon.ush" 1814
"../../../Engine/Shaders/Private/PhysicsFieldSampler.ush" 1815
"../../../Engine/Shaders/Private/PhysicsFieldShared.ush" 1816
"../../../Engine/Shaders/Private/HairShadingCommon.ush" 1817
"../../../Engine/Shaders/Private/HairStrands/HairCardsAttributeCommon.ush" 1818
"../../../Engine/Shaders/Private/HairStrands/HairStrandsVertexFactoryCommon.ush" 1819
"../../../Engine/Shaders/Private/HairStrands/HairStrandsAttributeCommon.ush" 1820
"../../../Engine/Shaders/Private/SpeedTreeCommon.ush" 1821
"../../../Engine/Shaders/Private/VirtualTextureCommon.ush" 1822
"../../../Engine/Shaders/Private/MaterialTexture.ush" 1823
"../../../Engine/Shaders/Private/MinMaterialTexCoords.ush" 1824
"../../../Engine/Shaders/Private/SkyAtmosphereCommon.ush" 1825
"../../../Engine/Shaders/Private/SingleLayerWaterCommon.ush" 1826
"../../../Engine/Shaders/Private/TextureSampling.ush" 1827
"../../../Engine/Shaders/Private/PaniniProjection.ush" 1828
"../../../Engine/Shaders/Private/DBufferNormalReprojection.ush" 1829
"../../../Engine/Shaders/Private/Strata/StrataTree.ush" 1830
"../../../Engine/Shaders/Private/Strata/StrataEvaluation.ush" 1831
"../../../Engine/Shaders/Private/SHCommon.ush" 1832
"../../../Engine/Shaders/Private/ShadingModels.ush" 1833
"../../../Engine/Shaders/Private/CapsuleLight.ush" 1834
"../../../Engine/Shaders/Private/RectLight.ush" 1835
"../../../Engine/Shaders/Private/AreaLightCommon.ush" 1836
"../../../Engine/Shaders/Private/TransmissionCommon.ush" 1837
"../../../Engine/Shaders/Private/HairBsdf.ush" 1838
"../../../Engine/Shaders/Private/MobileGGX.ush" 1839
"../../../Engine/Shaders/Private/ShadingModelsSampling.ush" 1840
"../../../Engine/Shaders/Private/HairStrands/HairBsdfSample.ush" 1841
"../../../Engine/Shaders/Private/HairStrands/HairStrandsCommon.ush" 1842
"../../../Engine/Shaders/Private/HairStrands/HairStrandsDeepTransmittanceCommon.ush" 1843
"../../../Engine/Shaders/Private/HairStrands/HairStrandsDeepTransmittanceDualScattering.ush" 1844
"../../../Engine/Shaders/Private/Strata/StrataLegacyConversion.ush" 1845
"../../../Engine/Shaders/Private/DBufferDecalShared.ush" 1846
"../../../Engine/Shaders/Private/CompositeUIPixelShader.usf" 1847
"../../../Engine/Shaders/Private/TonemapCommon.ush" 1848
"../../../Engine/Shaders/Private/ACES.ush" 1849
"../../../Engine/Shaders/Private/ColorDeficiency.ush" 1850
"../../../Engine/Shaders/Private/SlateMaskingShader.usf" 1851
"../../../Engine/Shaders/Private/SlatePostProcessColorDeficiencyPixelShader.usf" 1852
"../../../Engine/Shaders/Private/SlatePostProcessPixelShader.usf" 1853
"../../../Engine/Shaders/Private/SlateVertexShader.usf" 1854
"../../../Engine/Shaders/Private/TranslucentLightingShaders.usf" 1855
"../../../Engine/Shaders/Private/ShadowProjectionCommon.ush" 1856
"../../../Engine/Shaders/Private/CubemapCommon.ush" 1857
"../../../Engine/Shaders/Private/VectorFieldCompositeShaders.usf" 1858
"../../../Engine/Shaders/Private/UpdateTextureShaders.usf" 1859
"../../../Engine/Shaders/Private/StereoLayerShader.usf" 1860
"../../../Engine/Shaders/Private/MorphTargets.usf" 1861
"../../../Engine/Shaders/Private/SimpleElementColorChannelMaskPixelShader.usf" 1862
"../../../Engine/Shaders/Private/SimpleElementHitProxyPixelShader.usf" 1863
"../../../Engine/Shaders/Private/SimpleElementPixelShader.usf" 1864
"../../../Engine/Shaders/Private/IESLightProfilesCommon.ush" 1865
"../../../Engine/Shaders/Private/SimpleElementVertexShader.usf" 1866
"../../../Engine/Shaders/Private/ScreenPixelShaderOES.usf" 1867
"../../../Engine/Shaders/Private/ScreenVertexShader.usf" 1868
"../../../Engine/Shaders/Private/ScreenPixelShader.usf" 1869
"../../../Engine/Shaders/Private/SSProfilePreIntegratedMobile.usf" 1870
"../../../Engine/Shaders/Private/Nanite/NaniteClusterCulling.usf" 1871
"../../../Engine/Shaders/Private/Nanite/NaniteCulling.ush" 1872
"../../../Engine/Shaders/Private/Nanite/NaniteHierarchyTraversalCommon.ush" 1873
"../../../Engine/Shaders/Private/Nanite/NaniteHierarchyTraversal.ush" 1874
"../../../Engine/Shaders/Private/WaveOpUtil.ush" 1875
"../../../Engine/Shaders/Private/VirtualShadowMaps/VirtualShadowMapPageOverlap.ush" 1876
"../../../Engine/Shaders/Private/Nanite/NaniteHZBCull.ush" 1877
"../../../Engine/Shaders/Private/VirtualShadowMaps/VirtualShadowMapPageAccessCommon.ush" 1878
"../../../Engine/Shaders/Shared/VirtualShadowMapDefinitions.h" 1879
"../../../Engine/Shaders/Private/VirtualShadowMaps/VirtualShadowMapStaticCaching.ush" 1880
"../../../Engine/Shaders/Private/Nanite/NaniteCullingCommon.ush" 1881
"../../../Engine/Shaders/Private/GPUMessaging.ush" 1882
"../../../Engine/Shaders/Private/Nanite/NaniteTranscode.usf" 1883
"../../../Engine/Shaders/Private/VolumetricLightmapStreaming.usf" 1884
"../../../Engine/Shaders/Private/PhysicsFieldReset.usf" 1885
"../../../Engine/Shaders/Private/PhysicsFieldBuilder.usf" 1886
"../../../Engine/Shaders/Private/PhysicsFieldEval.ush" 1887
"../../../Engine/Shaders/Private/ParticleSortKeyGen.usf" 1888
"../../../Engine/Shaders/Private/ParticleBoundsShader.usf" 1889
"../../../Engine/Shaders/Private/ParticleSimVisualizeShader.usf" 1890
"../../../Engine/Shaders/Private/ParticleInjectionShader.usf" 1891
"../../../Engine/Shaders/Private/ParticleSimulationShader.usf" 1892
"../../../Engine/Shaders/Private/ParticleCurveInjectionShader.usf" 1893
"../../../Engine/Shaders/Private/CopyUIntBuffer.usf" 1894
"../../../Engine/Shaders/Private/RadixSortShaders.usf" 1895
"../../../Engine/Shaders/Private/RecomputeTangentsPerVertexPass.usf" 1896
"../../../Engine/Shaders/Private/RecomputeTangentsCommon.ush" 1897
"../../../Engine/Shaders/Private/RecomputeTangentsPerTrianglePass.usf" 1898
"../../../Engine/Shaders/Private/GpuSkinCacheComputeShader.usf" 1899
"../../../Engine/Shaders/Private/HeightFieldAtlasManagement.usf" 1900
"../../../Engine/Shaders/Private/LandscapePhysicalMaterial.usf" 1901
"../../../Engine/Shaders/Private/LandscapeGrassWeight.usf" 1902
"../../../Engine/Shaders/Private/Landscape/LandscapeLayersWeightmapsPS.usf" 1903
"../../../Engine/Shaders/Private/Landscape/LandscapeLayersHeightmapsPS.usf" 1904
"../../../Engine/Shaders/Private/Landscape/LandscapeCommon.ush" 1905
"../../../Engine/Shaders/Private/LandscapeLayersCS.usf" 1906
"../../../Engine/Shaders/Private/LandscapeLayersPS.usf" 1907
"../../../Engine/Shaders/Private/LandscapeLayersVS.usf" 1908
"../../../Engine/Shaders/Private/Landscape/LandscapeMergeHeightmapsPS.usf" 1909
"../../../Engine/Shaders/Private/WideCustomResolveShaders.usf" 1910
"../../../Engine/Shaders/Private/WideCustomResolve_Wide.ush" 1911
"../../../Engine/Shaders/Private/WideCustomResolve_Wider.ush" 1912
"../../../Engine/Shaders/Private/WideCustomResolve_Widest.ush" 1913
"../../../Engine/Shaders/Private/PageTableUpdate.usf" 1914
"../../../Engine/Shaders/Private/VirtualTextureCompress.usf" 1915
"../../../Engine/Shaders/Private/BlockCompressionCommon.ush" 1916
"../../../Engine/Shaders/Private/BCCompressionCommon.ush" 1917
"../../../Engine/Shaders/Private/ETCCompressionCommon.ush" 1918
"../../../Engine/Shaders/Private/VirtualTextureMaterial.usf" 1919
"../../../Engine/Shaders/Private/PixelShaderOutputCommon.ush" 1920
"../../../Engine/Shaders/Private/ShaderOutputCommon.ush" 1921
"../../../Engine/Shaders/Private/VolumetricRenderTarget.usf" 1922
"../../../Engine/Shaders/Private/VolumetricFogVoxelization.usf" 1923
"../../../Engine/Shaders/Private/VolumetricCloudMaterialPixelCommon.ush" 1924
"../../../Engine/Shaders/Private/VolumetricFogLightFunction.usf" 1925
"../../../Engine/Shaders/Private/LightFunctionCommon.ush" 1926
"../../../Engine/Shaders/Private/VolumetricFog.usf" 1927
"../../../Engine/Shaders/Private/DeferredLightingCommon.ush" 1928
"../../../Engine/Shaders/Private/DynamicLightingCommon.ush" 1929
"../../../Engine/Shaders/Private/CapsuleLightIntegrate.ush" 1930
"../../../Engine/Shaders/Private/CapsuleLightSampling.ush" 1931
"../../../Engine/Shaders/Private/RectLightIntegrate.ush" 1932
"../../../Engine/Shaders/Private/LightGridCommon.ush" 1933
"../../../Engine/Shaders/Private/HeightFogCommon.ush" 1934
"../../../Engine/Shaders/Private/DistanceFieldAOShared.ush" 1935
"../../../Engine/Shaders/Private/VolumeLightingCommon.ush" 1936
"../../../Engine/Shaders/Private/ShadowFilteringCommon.ush" 1937
"../../../Engine/Shaders/Private/PixelQuadMessagePassing.ush" 1938
"../../../Engine/Shaders/Private/VolumeLightingCommonSampling.ush" 1939
"../../../Engine/Shaders/Private/VolumetricLightmapShared.ush" 1940
"../../../Engine/Shaders/Private/ForwardShadowingCommon.ush" 1941
"../../../Engine/Shaders/Private/Lumen/LumenTranslucencyVolumeShared.ush" 1942
"../../../Engine/Shaders/Private/Lumen/LumenRadianceCacheInterpolation.ush" 1943
"../../../Engine/Shaders/Private/VirtualShadowMaps/VirtualShadowMapProjectionCommon.ush" 1944
"../../../Engine/Shaders/Private/VirtualShadowMaps/VirtualShadowMapProjectionStructs.ush" 1945
"../../../Engine/Shaders/Private/VolumetricCloudCommon.ush" 1946
"../../../Engine/Shaders/Private/VolumetricCloud.usf" 1947
"../../../Engine/Shaders/Private/ColorMap.ush" 1948
"../../../Engine/Shaders/Private/ShaderPrint.ush" 1949
"../../../Engine/Shaders/Private/ShaderPrintCommon.ush" 1950
"../../../Engine/Shaders/Private/MiniFontCommon.ush" 1951
"../../../Engine/Shaders/Private/ReflectionEnvironmentShared.ush" 1952
"../../../Engine/Shaders/Private/VisualizeVolumetricLightmap.usf" 1953
"../../../Engine/Shaders/Private/VirtualShadowMaps/VirtualShadowMapProjectionComposite.usf" 1954
"../../../Engine/Shaders/Private/LightShaderParameters.ush" 1955
"../../../Engine/Shaders/Private/VirtualShadowMaps/VirtualShadowMapMaskBitsCommon.ush" 1956
"../../../Engine/Shaders/Private/VirtualShadowMaps/VirtualShadowMapProjection.usf" 1957
"../../../Engine/Shaders/Private/HairStrands/HairStrandsVisibilityCommon.ush" 1958
"../../../Engine/Shaders/Private/Visualization.ush" 1959
"../../../Engine/Shaders/Private/VirtualShadowMaps/VirtualShadowMapProjectionDirectional.ush" 1960
"../../../Engine/Shaders/Private/PathTracing/Utilities/PathTracingRandomSequence.ush" 1961
"../../../Engine/Shaders/Private/VirtualShadowMaps/VirtualShadowMapSMRTCommon.ush" 1962
"../../../Engine/Shaders/Private/VirtualShadowMaps/VirtualShadowMapSMRTTemplate.ush" 1963
"../../../Engine/Shaders/Private/VirtualShadowMaps/VirtualShadowMapProjectionSpot.ush" 1964
"../../../Engine/Shaders/Private/VirtualShadowMaps/VirtualShadowMapTransmissionCommon.ush" 1965
"../../../Engine/Shaders/Private/HairStrands/HairStrandsVoxelPageCommon.ush" 1966
"../../../Engine/Shaders/Private/HairStrands/HairStrandsVoxelPageTraversal.ush" 1967
"../../../Engine/Shaders/Private/VirtualShadowMaps/VirtualShadowMapCacheManagement.usf" 1968
"../../../Engine/Shaders/Private/VirtualShadowMaps/VirtualShadowMapPageCacheCommon.ush" 1969
"../../../Engine/Shaders/Private/ScreenSpaceDenoise/SSDDefinitions.ush" 1970
"../../../Engine/Shaders/Private/InstanceCulling/InstanceCullingLoadBalancer.ush" 1971
"../../../Engine/Shaders/Private/VirtualShadowMaps/VirtualShadowMapCopyStats.usf" 1972
"../../../Engine/Shaders/Private/VirtualShadowMaps/VirtualShadowMapPageManagement.usf" 1973
"../../../Engine/Shaders/Private/HairStrands/HairStrandsTileCommon.ush" 1974
"../../../Engine/Shaders/Private/ReductionCommon.ush" 1975
"../../../Engine/Shaders/Private/VirtualShadowMaps/VirtualShadowMapStats.ush" 1976
"../../../Engine/Shaders/Private/VirtualShadowMaps/VirtualShadowMapBuildPerPageDrawCommands.usf" 1977
"../../../Engine/Shaders/Private/InstanceCulling/InstanceCullingCommon.ush" 1978
"../../../Engine/Shaders/Private/VirtualShadowMaps/VirtualShadowMapPrintStats.usf" 1979
"../../../Engine/Shaders/Private/VirtualShadowMaps/VirtualShadowMapDebug.usf" 1980
"../../../Engine/Shaders/Private/VelocityShader.usf" 1981
"../../../Engine/Shaders/Private/VelocityCommon.ush" 1982
"../../../Engine/Shaders/Private/VariableRateShading.usf" 1983
"../../../Engine/Shaders/Private/TranslucencyUpsampling.usf" 1984
"../../../Engine/Shaders/Private/ScreenPass.ush" 1985
"../../../Engine/Shaders/Private/ComposeSeparateTranslucency.usf" 1986
"../../../Engine/Shaders/Private/SeparateTranslucency.ush" 1987
"../../../Engine/Shaders/Private/TranslucentLightInjectionShaders.usf" 1988
"../../../Engine/Shaders/Private/TranslucentShadowDepthShaders.usf" 1989
"../../../Engine/Shaders/Private/ShadowDepthCommon.ush" 1990
"../../../Engine/Shaders/Private/RayTracing/RayTracingTest.usf" 1991
"../../../Engine/Shaders/Private/PostProcessSubsurfaceTile.usf" 1992
"../../../Engine/Shaders/Private/Strata/StrataVisualize.usf" 1993
"../../../Engine/Shaders/Private/Strata/StrataTile.ush" 1994
"../../../Engine/Shaders/Private/SkyLightingDiffuseShared.ush" 1995
"../../../Engine/Shaders/Private/SkyLightingShared.ush" 1996
"../../../Engine/Shaders/Private/ClearCoatCommon.ush" 1997
"../../../Engine/Shaders/Private/ReflectionEnvironmentComposite.ush" 1998
"../../../Engine/Shaders/Private/Strata/StrataLightingCommon.ush" 1999
"../../../Engine/Shaders/Private/Strata/StrataRoughRefraction.usf" 2000
"../../../Engine/Shaders/Private/PathTracing/Material/PathTracingFresnel.ush" 2001
"../../../Engine/Shaders/Private/PathTracing/Material/PathTracingGlossy.ush" 2002
"../../../Engine/Shaders/Private/Strata/StrataTile.usf" 2003
"../../../Engine/Shaders/Private/Strata/StrataMaterialClassification.usf" 2004
"../../../Engine/Shaders/Private/SkyAtmosphere.usf" 2005
"../../../Engine/Shaders/Private/CopyDepthTexture.usf" 2006
"../../../Engine/Shaders/Private/SingleLayerWaterComposite.usf" 2007
"../../../Engine/Shaders/Private/ShadowProjectionVertexShader.usf" 2008
"../../../Engine/Shaders/Private/ShadowProjectionPixelShader.usf" 2009
"../../../Engine/Shaders/Private/ShadowPercentageCloserFiltering.ush" 2010
"../../../Engine/Shaders/Private/TransmissionThickness.ush" 2011
"../../../Engine/Shaders/Private/CopyShadowMaps.usf" 2012
"../../../Engine/Shaders/Private/ShadowDepthPixelShader.usf" 2013
"../../../Engine/Shaders/Private/ShadowDepthVertexShader.usf" 2014
"../../../Engine/Shaders/Private/ShadingEnergyConservationTable.usf" 2015
"../../../Engine/Shaders/Shared/PathTracingDefinitions.h" 2016
"../../../Engine/Shaders/Private/ShadingFurnaceTest.usf" 2017
"../../../Engine/Shaders/Private/Strata/StrataDeferredLighting.ush" 2018
"../../../Engine/Shaders/Private/ShaderPrintDrawPrimitive.usf" 2019
"../../../Engine/Shaders/Private/ShaderPrintDraw.usf" 2020
"../../../Engine/Shaders/Private/SSRT/SSRTDiffuseIndirect.usf" 2021
"../../../Engine/Shaders/Private/SSRT/SSRTRayCast.ush" 2022
"../../../Engine/Shaders/Private/SSRT/SSRTTileClassificationBuffer.ush" 2023
"../../../Engine/Shaders/Private/SSRT/SSRTReflections.usf" 2024
"../../../Engine/Shaders/Private/ScreenSpaceDenoise/SSDPublic.ush" 2025
"../../../Engine/Shaders/Private/SSRT/SSRTTileClassification.usf" 2026
"../../../Engine/Shaders/Private/SSRT/SSRTPrevFrameReduction.usf" 2027
"../../../Engine/Shaders/Private/ScreenSpaceDenoise/SSDComposeHarmonics.usf" 2028
"../../../Engine/Shaders/Private/ScreenSpaceDenoise/SSDPublicHarmonics.ush" 2029
"../../../Engine/Shaders/Private/ScreenSpaceDenoise/SSDSignalFramework.ush" 2030
"../../../Engine/Shaders/Private/ScreenSpaceDenoise/SSDCommon.ush" 2031
"../../../Engine/Shaders/Private/SphericalGaussian.ush" 2032
"../../../Engine/Shaders/Private/ScreenSpaceDenoise/SSDMetadata.ush" 2033
"../../../Engine/Shaders/Private/ScreenSpaceDenoise/SSDSignalCore.ush" 2034
"../../../Engine/Shaders/Private/ScreenSpaceDenoise/DenoisingCommon.ush" 2035
"../../../Engine/Shaders/Private/ScreenSpaceDenoise/SSDSignalArray.ush" 2036
"../../../Engine/Shaders/Private/ScreenSpaceDenoise/SSDSignalBufferEncoding.ush" 2037
"../../../Engine/Shaders/Private/ScreenSpaceDenoise/SSDPublicBufferEncoding.ush" 2038
"../../../Engine/Shaders/Private/Lumen/LumenBufferEncoding.ush" 2039
"../../../Engine/Shaders/Private/ScreenSpaceDenoise/SSDTemporalAccumulation.usf" 2040
"../../../Engine/Shaders/Private/ScreenSpaceDenoise/SSDSpatialKernel.ush" 2041
"../../../Engine/Shaders/Private/ScreenSpaceDenoise/SSDSignalAccumulatorArray.ush" 2042
"../../../Engine/Shaders/Private/ScreenSpaceDenoise/SSDSignalAccumulator.ush" 2043
"../../../Engine/Shaders/Private/ScreenSpaceDenoise/SSDSignalCompression.ush" 2044
"../../../Engine/Shaders/Private/ScreenSpaceDenoise/SSDSpatialAccumulation.usf" 2045
"../../../Engine/Shaders/Private/ScreenSpaceDenoise/SSDInjest.usf" 2046
"../../../Engine/Shaders/Private/ScreenSpaceDenoise/SSDCompressMetadata.usf" 2047
"../../../Engine/Shaders/Private/DownsampleDepthPixelShader.usf" 2048
"../../../Engine/Shaders/Private/ScreenPass.usf" 2049
"../../../Engine/Shaders/Private/HZB.usf" 2050
"../../../Engine/Shaders/Private/HZBOcclusion.usf" 2051
"../../../Engine/Shaders/Private/OcclusionQueryPixelShader.usf" 2052
"../../../Engine/Shaders/Private/OcclusionQueryVertexShader.usf" 2053
"../../../Engine/Shaders/Private/HitProxyPixelShader.usf" 2054
"../../../Engine/Shaders/Private/HitProxyVertexShader.usf" 2055
"../../../Engine/Shaders/Private/SceneCapturePixelShader.usf" 2056
"../../../Engine/Shaders/Private/RTWriteMaskDecode.usf" 2057
"../../../Engine/Shaders/Private/ReflectionEnvironmentShaders.usf" 2058
"../../../Engine/Shaders/Private/RectLightAtlas.usf" 2059
"../../../Engine/Shaders/Private/RayTracing/TraceRayInlineStatistics.usf" 2060
"../../../Engine/Shaders/Private/RayTracing/TraceRayInlineCommon.ush" 2061
"../../../Engine/Shaders/Private/RayTracing/VisualizeSkyLightMipTreePS.usf" 2062
"../../../Engine/Shaders/Private/RayTracing/MipTreeCommon.ush" 2063
"../../../Engine/Shaders/Private/RayTracing/CompositeSkyLightPS.usf" 2064
"../../../Engine/Shaders/Private/RayTracing/GenerateSkyLightVisibilityRaysCS.usf" 2065
"../../../Engine/Shaders/Private/RayTracing/RayTracingSkyLightCommon.ush" 2066
"../../../Engine/Shaders/Private/RayTracing/SkyLightVisibilityRaysData.ush" 2067
"../../../Engine/Shaders/Private/Raytracing/RaytracingSkylightRGS.usf" 2068
"../../../Engine/Shaders/Private/HairStrands/HairStrandsRaytracing.ush" 2069
"../../../Engine/Shaders/Private/Raytracing/RayTracingSkyLightEvaluation.ush" 2070
"../../../Engine/Shaders/Private/Raytracing/RayTracingDeferredShadingCommon.ush" 2071
"../../../Engine/Shaders/Private/RayTracing/RayTracingOcclusionRGS.usf" 2072
"../../../Engine/Shaders/Private/RayTracing/RayTracingDirectionalLight.ush" 2073
"../../../Engine/Shaders/Private/RayTracing/RayTracingRectLight.ush" 2074
"../../../Engine/Shaders/Private/RayTracing/RayTracingSphereLight.ush" 2075
"../../../Engine/Shaders/Private/RayTracing/RayTracingCapsuleLight.ush" 2076
"../../../Engine/Shaders/Private/RayTracing/SplitImaginaryReflectionGBufferCS.usf" 2077
"../../../Engine/Shaders/Private/RayTracing/RayTracingReflectionsCommon.ush" 2078
"../../../Engine/Shaders/Private/RayTracing/RayTracingReflections.usf" 2079
"../../../Engine/Shaders/Private/RayTracing/RayTracingLightingCommon.ush" 2080
"../../../Engine/Shaders/Private/RayTracing/RayTracingLightCullingCommon.ush" 2081
"../../../Engine/Shaders/Private/RayTracing/RayTracingReflectionEnvironment.ush" 2082
"../../../Engine/Shaders/Private/RayTracing/RayTracingPrimaryRays.usf" 2083
"../../../Engine/Shaders/Private/RayTracing/RayTracingMaterialDefaultHitShaders.usf" 2084
"../../../Engine/Shaders/Private/RayTracing/RayTracingMaterialHitShaders.usf" 2085
"../../../Engine/Shaders/Private/RayTracing/RayTracingCalcInterpolants.ush" 2086
"../../../Engine/Shaders/Private/LightmapCommon.ush" 2087
"../../../Engine/Shaders/Private/Lumen/LumenHardwareRayTracingPayloadCommon.ush" 2088
"../../../Engine/Shaders/Private/Strata/StrataExport.ush" 2089
"../../../Engine/Shaders/Private/RayTracing/RayTracingLightingMS.usf" 2090
"../../../Engine/Shaders/Private/RayTracing/RayTracingLightFunctionCommon.ush" 2091
"../../../Engine/Shaders/Private/RayTracing/GenerateCulledLightListCS.usf" 2092
"../../../Engine/Shaders/Private/Raytracing/RayTracingInstanceBufferUtil.usf" 2093
"../../../Engine/Shaders/Private/RayTracing/RayTracingFinalGatherRGS.usf" 2094
"../../../Engine/Shaders/Private/RayTracing/RayTracingGatherPoints.ush" 2095
"../../../Engine/Shaders/Private/PathTracing/Light/PathTracingLightSampling.ush" 2096
"../../../Engine/Shaders/Private/PathTracing/Light/PathTracingLightCommon.ush" 2097
"../../../Engine/Shaders/Shared/RayTracingTypes.h" 2098
"../../../Engine/Shaders/Private/PathTracing/Light/PathTracingDirectionalLight.ush" 2099
"../../../Engine/Shaders/Private/PathTracing/Light/PathTracingPointLight.ush" 2100
"../../../Engine/Shaders/Private/PathTracing/Light/PathTracingCapsuleLight.ush" 2101
"../../../Engine/Shaders/Private/PathTracing/Light/PathTracingRectLight.ush" 2102
"../../../Engine/Shaders/Private/PathTracing/Light/PathTracingSkyLight.ush" 2103
"../../../Engine/Shaders/Private/PathTracing/Light/PathTracingSpotLight.ush" 2104
"../../../Engine/Shaders/Private/PathTracing/Material/PathTracingMaterialSampling.ush" 2105
"../../../Engine/Shaders/Private/PathTracing/Material/PathTracingMaterialCommon.ush" 2106
"../../../Engine/Shaders/Private/PathTracing/PathTracingCommon.ush" 2107
"../../../Engine/Shaders/Private/PathTracing/Material/PathTracingLambert.ush" 2108
"../../../Engine/Shaders/Private/PathTracing/Material/PathTracingRadianceProbe.ush" 2109
"../../../Engine/Shaders/Private/PathTracing/Material/FirstBounceRayGuidingCommon.ush" 2110
"../../../Engine/Shaders/Private/PathTracing/Material/PathTracingSpecularReflection.ush" 2111
"../../../Engine/Shaders/Private/PathTracing/Material/PathTracingSpecularTransmission.ush" 2112
"../../../Engine/Shaders/Private/PathTracing/Material/PathTracingSolidGlass.ush" 2113
"../../../Engine/Shaders/Private/PathTracing/Material/PathTracingEnergyConservation.ush" 2114
"../../../Engine/Shaders/Private/PathTracing/Material/PathTracingThinGlass.ush" 2115
"../../../Engine/Shaders/Private/PathTracing/Material/PathTracingDefaultLit.ush" 2116
"../../../Engine/Shaders/Private/PathTracing/Material/PathTracingClearCoat.ush" 2117
"../../../Engine/Shaders/Private/PathTracing/Material/PathTracingTwoSidedFoliage.ush" 2118
"../../../Engine/Shaders/Private/PathTracing/Material/PathTracingCloth.ush" 2119
"../../../Engine/Shaders/Private/PathTracing/Material/PathTracingSubsurfaceProfile.ush" 2120
"../../../Engine/Shaders/Private/PathTracing/Material/PathTracingEye.ush" 2121
"../../../Engine/Shaders/Private/PathTracing/Material/PathTracingHair.ush" 2122
"../../../Engine/Shaders/Private/PathTracing/Material/PathTracingMedium.ush" 2123
"../../../Engine/Shaders/Private/RayTracing/RayTracingCreateGatherPointsRGS.usf" 2124
"../../../Engine/Shaders/Private/RayTracing/RayTracingGlobalIlluminationRGS.usf" 2125
"../../../Engine/Shaders/Private/RayTracing/RayTracingDynamicMesh.usf" 2126
"../../../Engine/Shaders/Private/RayTracing/RayTracingDeferredReflections.usf" 2127
"../../../Engine/Shaders/Private/RayTracing/RayTracingDeferredMaterials.ush" 2128
"../../../Engine/Shaders/Shared/ThirdParty/AMD/ags_shader_intrinsics_dx12.h" 2129
"../../../Engine/Shaders/Private/RayTracing/RayTracingDeferredReflections.ush" 2130
"../../../Engine/Shaders/Private/RayTracing/RayTracingReflectionResolve.usf" 2131
"../../../Engine/Shaders/Private/RayTracing/RayTracingReflectionsGenerateRaysCS.usf" 2132
"../../../Engine/Shaders/Private/RayTracing/MaterialSort.usf" 2133
"../../../Engine/Shaders/Private/RayTracing/RayTracingDeferredMaterials.usf" 2134
"../../../Engine/Shaders/Private/RayTracing/RayTracingDecalMaterialShader.usf" 2135
"../../../Engine/Shaders/Private/RayTracing/RayTracingBuildDecalGrid.usf" 2136
"../../../Engine/Shaders/Private/RayTracing/RayTracingDebug.usf" 2137
"../../../Engine/Shaders/Shared/RayTracingDebugDefinitions.h" 2138
"../../../Engine/Shaders/Shared/RayTracingDebugTypes.h" 2139
"../../../Engine/Shaders/Private/RayTracing/RayTracingDebugTraversal.usf" 2140
"../../../Engine/Shaders/Private/Nanite/NaniteRayTrace.ush" 2141
"../../../Engine/Shaders/Shared/ThirdParty/RayTriangleIntersection.h" 2142
"../../../Engine/Shaders/Private/RayTracing/TraceRayInline.ush" 2143
"../../../Engine/Shaders/Private/RayTracing/TraceRayInlineVulkan.ush" 2144
"../../../Engine/Shaders/Private/RayTracing/RayTracingBarycentrics.usf" 2145
"../../../Engine/Shaders/Private/RayTracing/RayTracingAmbientOcclusionRGS.usf" 2146
"../../../Engine/Shaders/Private/VisualizeShadingModels.usf" 2147
"../../../Engine/Shaders/Private/PostProcessCommon.ush" 2148
"../../../Engine/Shaders/Private/MotionBlur/VisualizeMotionVectors.usf" 2149
"../../../Engine/Shaders/Private/TemporalSuperResolution/TSRDebugHistory.usf" 2150
"../../../Engine/Shaders/Private/TemporalSuperResolution/TSRCommon.ush" 2151
"../../../Engine/Shaders/Public/DualPixelVectorization.ush" 2152
"../../../Engine/Shaders/Private/TemporalSuperResolution/TSRResolveHistory.usf" 2153
"../../../Engine/Shaders/Private/TemporalSuperResolution/TSRUpdateHistory.usf" 2154
"../../../Engine/Shaders/Private/TemporalSuperResolution/TSRFilterAntiAliasing.usf" 2155
"../../../Engine/Shaders/Private/TemporalSuperResolution/TSRSpatialAntiAliasing.usf" 2156
"../../../Engine/Shaders/Private/TemporalSuperResolution/TSRRejectShading.usf" 2157
"../../../Engine/Shaders/Public/LaneVectorization.ush" 2158
"../../../Engine/Shaders/Private/TemporalSuperResolution/TSRCompareTranslucency.usf" 2159
"../../../Engine/Shaders/Private/TemporalSuperResolution/TSRDecimateHistory.usf" 2160
"../../../Engine/Shaders/Private/TemporalSuperResolution/TSRDilateVelocity.usf" 2161
"../../../Engine/Shaders/Private/MotionBlur/MotionBlurVelocityFlatten.ush" 2162
"../../../Engine/Shaders/Private/MotionBlur/MotionBlurCommon.ush" 2163
"../../../Engine/Shaders/Private/TemporalSuperResolution/TSRClearPrevTextures.usf" 2164
"../../../Engine/Shaders/Private/TemporalSuperResolution/TSRComputeMoireLuma.usf" 2165
"../../../Engine/Shaders/Private/TemporalAA.usf" 2166
"../../../Engine/Shaders/Private/FilterPixelShader.usf" 2167
"../../../Engine/Shaders/Private/FilterVertexShader.usf" 2168
"../../../Engine/Shaders/Private/PostProcessVisualizeBuffer.usf" 2169
"../../../Engine/Shaders/Private/PostProcessVisualizeLocalExposure.usf" 2170
"../../../Engine/Shaders/Private/PostProcessHistogramCommon.ush" 2171
"../../../Engine/Shaders/Private/PostProcessVisualizeLevelInstance.usf" 2172
"../../../Engine/Shaders/Private/PostProcessVisualizeHDR.usf" 2173
"../../../Engine/Shaders/Private/ShaderComplexityApplyPixelShader.usf" 2174
"../../../Engine/Shaders/Private/QuadOverdraw.ush" 2175
"../../../Engine/Shaders/Private/PostProcessUpscale.usf" 2176
"../../../Engine/Shaders/Private/PostProcessTonemap.usf" 2177
"../../../Engine/Shaders/Private/PostProcessing/FilmGrainPackConstants.usf" 2178
"../../../Engine/Shaders/Private/PostProcessing/FilmGrainReduce.usf" 2179
"../../../Engine/Shaders/Private/PostProcessTestImage.usf" 2180
"../../../Engine/Shaders/Private/PostProcessSubsurface.usf" 2181
"../../../Engine/Shaders/Private/SeparableSSS.ush" 2182
"../../../Engine/Shaders/Private/SubsurfaceBurleyNormalized.ush" 2183
"../../../Engine/Shaders/Private/PostProcessSelectionOutline.usf" 2184
"../../../Engine/Shaders/Private/PostProcessPixelProjectedReflectionMobile.usf" 2185
"../../../Engine/Shaders/Private/MotionBlur/MotionBlurVisualize.usf" 2186
"../../../Engine/Shaders/Private/MotionBlur/MotionBlurApply.usf" 2187
"../../../Engine/Shaders/Private/MotionBlur/MotionBlurFilterTileClassify.usf" 2188
"../../../Engine/Shaders/Private/MotionBlur/MotionBlurTileScatter.usf" 2189
"../../../Engine/Shaders/Private/MotionBlur/MotionBlurTileGather.usf" 2190
"../../../Engine/Shaders/Private/MotionBlur/MotionBlurVelocityFlatten.usf" 2191
"../../../Engine/Shaders/Private/PostProcessMobile.usf" 2192
"../../../Engine/Shaders/Private/PostProcessMitchellNetravali.usf" 2193
"../../../Engine/Shaders/Private/PostProcessMaterialShaders.usf" 2194
"../../../Engine/Shaders/Private/PostProcessLocalExposure.usf" 2195
"../../../Engine/Shaders/Private/PostProcessLensFlares.usf" 2196
"../../../Engine/Shaders/Private/PostProcessHMD.usf" 2197
"../../../Engine/Shaders/Private/Histogram.usf" 2198
"../../../Engine/Shaders/Private/PostProcessHistogramReduce.usf" 2199
"../../../Engine/Shaders/Private/PostProcessHistogram.usf" 2200
"../../../Engine/Shaders/Private/PostProcessGBufferHints.usf" 2201
"../../../Engine/Shaders/Private/Bloom/BloomFinalizeApplyConstants.usf" 2202
"../../../Engine/Shaders/Private/Bloom/BloomCommon.ush" 2203
"../../../Engine/Shaders/Private/Bloom/BloomResizeKernel.usf" 2204
"../../../Engine/Shaders/Private/Bloom/BloomClampKernel.usf" 2205
"../../../Engine/Shaders/Private/Bloom/BloomPackKernelConstants.usf" 2206
"../../../Engine/Shaders/Private/Bloom/BloomSumScatterDispersionEnergy.usf" 2207
"../../../Engine/Shaders/Private/Bloom/BloomReduceKernelSurvey.usf" 2208
"../../../Engine/Shaders/Private/Bloom/BloomSurveyKernelCenterEnergy.usf" 2209
"../../../Engine/Shaders/Private/Bloom/BloomSurveyMaxScatterDispersion.usf" 2210
"../../../Engine/Shaders/Private/Bloom/BloomFindKernelCenter.usf" 2211
"../../../Engine/Shaders/Private/PostProcessEyeAdaptation.usf" 2212
"../../../Engine/Shaders/Private/PostProcessDownsample.usf" 2213
"../../../Engine/Shaders/Private/PostProcessDOF.usf" 2214
"../../../Engine/Shaders/Private/PostProcessDeviceEncodingOnly.usf" 2215
"../../../Engine/Shaders/Private/PostProcessCompositeEditorPrimitives.usf" 2216
"../../../Engine/Shaders/Private/PostProcessCombineLUTs.usf" 2217
"../../../Engine/Shaders/Private/PostProcessVisualizeDOF.usf" 2218
"../../../Engine/Shaders/Private/PostProcessBloom.usf" 2219
"../../../Engine/Shaders/Private/PostProcessAmbientOcclusionMobile.usf" 2220
"../../../Engine/Shaders/Private/PostProcessAmbientOcclusionCommon.ush" 2221
"../../../Engine/Shaders/Private/FXAAShader.usf" 2222
"../../../Engine/Shaders/Private/Fxaa3_11.ush" 2223
"../../../Engine/Shaders/Private/DiaphragmDOF/DOFRecombine.usf" 2224
"../../../Engine/Shaders/Private/DiaphragmDOF/DOFCommon.ush" 2225
"../../../Engine/Shaders/Private/DiaphragmDOF/DOFHybridScatterPixelShader.usf" 2226
"../../../Engine/Shaders/Private/DiaphragmDOF/DOFHybridScatterCommon.ush" 2227
"../../../Engine/Shaders/Private/DiaphragmDOF/DOFHybridScatterVertexShader.usf" 2228
"../../../Engine/Shaders/Private/DiaphragmDOF/DOFPostfiltering.usf" 2229
"../../../Engine/Shaders/Private/DiaphragmDOF/DOFGatherTileSuggest.ush" 2230
"../../../Engine/Shaders/Private/DiaphragmDOF/DOFCocTileCommon.ush" 2231
"../../../Engine/Shaders/Private/DiaphragmDOF/DOFGatherPass.usf" 2232
"../../../Engine/Shaders/Private/DiaphragmDOF/DOFGatherCommon.ush" 2233
"../../../Engine/Shaders/Private/DiaphragmDOF/DOFGatherAccumulator.ush" 2234
"../../../Engine/Shaders/Private/DiaphragmDOF/DOFGatherKernel.ush" 2235
"../../../Engine/Shaders/Private/DiaphragmDOF/DOFBokehLUT.usf" 2236
"../../../Engine/Shaders/Private/DiaphragmDOF/DOFHybridScatterCompilation.usf" 2237
"../../../Engine/Shaders/Private/DiaphragmDOF/DOFReduce.usf" 2238
"../../../Engine/Shaders/Private/DiaphragmDOF/DOFDownsample.ush" 2239
"../../../Engine/Shaders/Private/DiaphragmDOF/DOFHybridScatterCompilation.ush" 2240
"../../../Engine/Shaders/Private/DiaphragmDOF/DOFDownsample.usf" 2241
"../../../Engine/Shaders/Private/DiaphragmDOF/DOFCocTileDilate.usf" 2242
"../../../Engine/Shaders/Private/DiaphragmDOF/DOFCocTileFlatten.usf" 2243
"../../../Engine/Shaders/Private/DiaphragmDOF/DOFSetup.usf" 2244
"../../../Engine/Shaders/Private/PlanarReflectionShaders.usf" 2245
"../../../Engine/Shaders/Private/PlanarReflectionShared.ush" 2246
"../../../Engine/Shaders/Private/PhysicsFieldVisualizer.usf" 2247
"../../../Engine/Shaders/Private/PathTracing/PathTracingSpatialTemporalDenoising.usf" 2248
"../../../Engine/Shaders/Private/ColorDifference.ush" 2249
"../../../Engine/Shaders/Private/PathTracing/PathTracingCompositingPixelShader.usf" 2250
"../../../Engine/Shaders/Private/PathTracing/PathTracingMaterialHitShader.usf" 2251
"../../../Engine/Shaders/Private/PathTracing/PathTracingLightingMissShader.usf" 2252
"../../../Engine/Shaders/Private/PathTracing/PathTracingMissShader.usf" 2253
"../../../Engine/Shaders/Private/PathTracing/PathTracingBuildAtmosphereLUT.usf" 2254
"../../../Engine/Shaders/Private/PathTracing/Volume/PathTracingAtmosphereCommon.ush" 2255
"../../../Engine/Shaders/Private/PathTracing/PathTracingSwizzleScanlines.usf" 2256
"../../../Engine/Shaders/Private/PathTracing/PathTracingIESAtlas.usf" 2257
"../../../Engine/Shaders/Private/PathTracing/PathTracingInitExtinctionCoefficient.usf" 2258
"../../../Engine/Shaders/Private/PathTracing/PathTracing.usf" 2259
"../../../Engine/Shaders/Private/PathTracing/PathTracingCore.ush" 2260
"../../../Engine/Shaders/Private/RayTracing/RayTracingDecalGrid.ush" 2261
"../../../Engine/Shaders/Private/PathTracing/Utilities/PathTracingRIS.ush" 2262
"../../../Engine/Shaders/Private/PathTracing/Light/PathTracingLightGrid.ush" 2263
"../../../Engine/Shaders/Private/PathTracing/Volume/PathTracingVolume.ush" 2264
"../../../Engine/Shaders/Private/PathTracing/Volume/PathTracingVolumeCommon.ush" 2265
"../../../Engine/Shaders/Private/PathTracing/Volume/PathTracingAtmosphere.ush" 2266
"../../../Engine/Shaders/Private/DoubleWordMath.ush" 2267
"../../../Engine/Shaders/Private/PathTracing/Volume/PathTracingFog.ush" 2268
"../../../Engine/Shaders/Private/PathTracing/Volume/PathTracingVolumeSampling.ush" 2269
"../../../Engine/Shaders/Private/PathTracing/PathTracingBuildLightGrid.usf" 2270
"../../../Engine/Shaders/Private/PathTracing/PathTracingSkylightMISCompensation.usf" 2271
"../../../Engine/Shaders/Private/PathTracing/PathTracingSkylightPrepare.usf" 2272
"../../../Engine/Shaders/Private/OIT/OITSorting.usf" 2273
"../../../Engine/Shaders/Private/OITCombine.usf" 2274
"../../../Engine/Shaders/Private/OITCommon.ush" 2275
"../../../Engine/Shaders/Private/HTileVisualize.usf" 2276
"../../../Engine/Shaders/Private/HTileEncoding.ush" 2277
"../../../Engine/Shaders/Private/Nanite/NaniteDebugViews.usf" 2278
"../../../Engine/Shaders/Private/Nanite/NaniteMaterialComplexity.usf" 2279
"../../../Engine/Shaders/Private/Nanite/NaniteVisualize.usf" 2280
"../../../Engine/Shaders/Private/Nanite/NaniteStreamOut.usf" 2281
"../../../Engine/Shaders/Private/Nanite/NaniteMaterialCulling.usf" 2282
"../../../Engine/Shaders/Private/Nanite/NaniteDepthExport.usf" 2283
"../../../Engine/Shaders/Private/Nanite/NaniteExportGBuffer.usf" 2284
"../../../Engine/Shaders/Private/Nanite/NaniteRasterizer.usf" 2285
"../../../Engine/Shaders/Private/Nanite/NaniteWritePixel.ush" 2286
"../../../Engine/Shaders/Private/WorkDistribution.ush" 2287
"../../../Engine/Shaders/Private/Nanite/NaniteRasterBinning.usf" 2288
"../../../Engine/Shaders/Private/Nanite/NaniteInstanceCulling.usf" 2289
"../../../Engine/Shaders/Private/Nanite/NaniteImposter.ush" 2290
"../../../Engine/Shaders/Private/Nanite/NanitePrimitiveFilter.usf" 2291
"../../../Engine/Shaders/Private/Nanite/NanitePrintStats.usf" 2292
"../../../Engine/Shaders/Private/Nanite/NaniteEmitShadow.usf" 2293
"../../../Engine/Shaders/Private/MobileDeferredUtils.usf" 2294
"../../../Engine/Shaders/Private/MobileFog.usf" 2295
"../../../Engine/Shaders/Private/DistortApplyScreenPS.usf" 2296
"../../../Engine/Shaders/Private/MobileDeferredShading.usf" 2297
"../../../Engine/Shaders/Private/MobileLightingCommon.ush" 2298
"../../../Engine/Shaders/Private/MobileBasePassPixelShader.usf" 2299
"../../../Engine/Shaders/Private/MobileBasePassCommon.ush" 2300
"../../../Engine/Shaders/Private/BasePassCommon.ush" 2301
"../../../Engine/Shaders/Private/ShadingModelsMaterial.ush" 2302
"../../../Engine/Shaders/Private/SingleLayerWaterShading.ush" 2303
"../../../Engine/Shaders/Private/DistortionCommon.ush" 2304
"../../../Engine/Shaders/Private/MobileBasePassVertexShader.usf" 2305
"../../../Engine/Shaders/Private/Lumen/LumenVisualizeRadianceCache.usf" 2306
"../../../Engine/Shaders/Private/Lumen/LumenRadianceCacheCommon.ush" 2307
"../../../Engine/Shaders/Private/Lumen/LumenVisualizeHardwareRayTracing.usf" 2308
"../../../Engine/Shaders/Private/Lumen/LumenCardCommon.ush" 2309
"../../../Engine/Shaders/Private/Lumen/LumenTracingCommon.ush" 2310
"../../../Engine/Shaders/Private/DistanceField/GlobalDistanceFieldUtils.ush" 2311
"../../../Engine/Shaders/Private/DistanceField/GlobalDistanceFieldObjectGrid.ush" 2312
"../../../Engine/Shaders/Private/DistanceFieldLightingShared.ush" 2313
"../../../Engine/Shaders/Private/Lumen/SurfaceCache/LumenSurfaceCacheSampling.ush" 2314
"../../../Engine/Shaders/Private/Lumen/SurfaceCache/LumenSurfaceCache.ush" 2315
"../../../Engine/Shaders/Private/Lumen/LumenVisualize.ush" 2316
"../../../Engine/Shaders/Private/Lumen/LumenHardwareRayTracingCommon.ush" 2317
"../../../Engine/Shaders/Private/Lumen/LumenHardwareRayTracingPipelineCommon.ush" 2318
"../../../Engine/Shaders/Private/Lumen/LumenHardwareRayTracingPlatformCommon.ush" 2319
"../../../Engine/Shaders/Private/Lumen/LumenVisualize.usf" 2320
"../../../Engine/Shaders/Private/Lumen/LumenVisualizeTraces.ush" 2321
"../../../Engine/Shaders/Private/Lumen/LumenTranslucencyVolumeLighting.usf" 2322
"../../../Engine/Shaders/Private/Lumen/LumenRadianceCacheMarkCommon.ush" 2323
"../../../Engine/Shaders/Private/Lumen/LumenTranslucencyVolumeLightingShared.ush" 2324
"../../../Engine/Shaders/Private/Lumen/LumenScreenProbeCommon.ush" 2325
"../../../Engine/Shaders/Private/BlueNoise.ush" 2326
"../../../Engine/Shaders/Private/Lumen/LumenTranslucencyVolumeHardwareRayTracing.usf" 2327
"../../../Engine/Shaders/Private/Lumen/LumenTranslucencyRadianceCacheMarkShaders.usf" 2328
"../../../Engine/Shaders/Private/Lumen/SurfaceCache/LumenSurfaceCacheFeedback.usf" 2329
"../../../Engine/Shaders/Private/Lumen/SurfaceCache/LumenSurfaceCache.usf" 2330
"../../../Engine/Shaders/Private/Lumen/LumenScreenSpaceBentNormal.usf" 2331
"../../../Engine/Shaders/Private/Lumen/LumenMaterial.ush" 2332
"../../../Engine/Shaders/Private/Lumen/LumenScreenTracing.ush" 2333
"../../../Engine/Shaders/Private/Lumen/LumenScreenProbeTracing.usf" 2334
"../../../Engine/Shaders/Private/Lumen/LumenScreenProbeTracingCommon.ush" 2335
"../../../Engine/Shaders/Private/Lumen/LumenHairTracing.ush" 2336
"../../../Engine/Shaders/Private/Lumen/LumenScreenProbeImportanceSampling.usf" 2337
"../../../Engine/Shaders/Private/Lumen/LumenScreenProbeImportanceSamplingShared.ush" 2338
"../../../Engine/Shaders/Private/Lumen/LumenScreenProbeHardwareRayTracing.usf" 2339
"../../../Engine/Shaders/Private/Lumen/LumenScreenProbeGather.usf" 2340
"../../../Engine/Shaders/Private/Lumen/LumenScreenSpaceBentNormal.ush" 2341
"../../../Engine/Shaders/Private/Lumen/LumenScreenProbeLightSampling.usf" 2342
"../../../Engine/Shaders/Private/Lumen/LumenScreenProbeFiltering.usf" 2343
"../../../Engine/Shaders/Private/Lumen/LumenSceneLighting.usf" 2344
"../../../Engine/Shaders/Private/Lumen/LumenCardTile.ush" 2345
"../../../Engine/Shaders/Private/Lumen/LumenSceneLighting.ush" 2346
"../../../Engine/Shaders/Private/Lumen/Radiosity/LumenRadiosity.ush" 2347
"../../../Engine/Shaders/Private/Lumen/LumenCardPixelShader.usf" 2348
"../../../Engine/Shaders/Private/Lumen/LumenCardVertexShader.usf" 2349
"../../../Engine/Shaders/Private/Lumen/LumenSceneLightingDebug.usf" 2350
"../../../Engine/Shaders/Private/Lumen/LumenSceneDirectLightingHardwareRayTracing.usf" 2351
"../../../Engine/Shaders/Private/Lumen/LumenReflectionCommon.ush" 2352
"../../../Engine/Shaders/Private/Lumen/LumenSceneDirectLighting.ush" 2353
"../../../Engine/Shaders/Private/Lumen/LumenSceneDirectLightingSoftwareRayTracing.usf" 2354
"../../../Engine/Shaders/Private/DistanceFieldShadowingShared.ush" 2355
"../../../Engine/Shaders/Private/Lumen/LumenSceneDirectLightingPerLightShadowCommon.ush" 2356
"../../../Engine/Shaders/Private/Lumen/LumenSceneDirectLightingShadowMask.usf" 2357
"../../../Engine/Shaders/Private/Lumen/LumenSceneDirectLighting.usf" 2358
"../../../Engine/Shaders/Private/Lumen/LumenSceneDirectLightingCulling.usf" 2359
"../../../Engine/Shaders/Private/Lumen/LumenReflectionTracing.usf" 2360
"../../../Engine/Shaders/Private/Lumen/LumenReflections.usf" 2361
"../../../Engine/Shaders/Private/Lumen/LumenReflectionHardwareRayTracing.usf" 2362
"../../../Engine/Shaders/Private/Lumen/Radiosity/LumenVisualizeRadiosityProbes.usf" 2363
"../../../Engine/Shaders/Private/Lumen/Radiosity/LumenRadiosity.usf" 2364
"../../../Engine/Shaders/Private/RayTracing/RayGenUtils.ush" 2365
"../../../Engine/Shaders/Private/Lumen/Radiosity/LumenRadiosityHardwareRayTracing.usf" 2366
"../../../Engine/Shaders/Private/Lumen/Radiosity/LumenRadiosityCulling.usf" 2367
"../../../Engine/Shaders/Private/Lumen/LumenRadianceCacheHardwareRayTracing.usf" 2368
"../../../Engine/Shaders/Private/Lumen/LumenRadianceCacheTracingCommon.ush" 2369
"../../../Engine/Shaders/Private/Lumen/LumenRadianceCache.usf" 2370
"../../../Engine/Shaders/Private/Lumen/LumenRadianceCacheUpdate.ush" 2371
"../../../Engine/Shaders/Private/Lumen/LumenRadianceCacheDebug.usf" 2372
"../../../Engine/Shaders/Private/Lumen/LumenRadianceCacheUpdate.usf" 2373
"../../../Engine/Shaders/Private/Lumen/LumenMeshSDFCulling.usf" 2374
"../../../Engine/Shaders/Private/HybridIndirectLighting.ush" 2375
"../../../Engine/Shaders/Private/MeshDistanceFieldCommon.ush" 2376
"../../../Engine/Shaders/Private/Lumen/LumenIrradianceFieldGather.usf" 2377
"../../../Engine/Shaders/Private/Lumen/LumenHardwareRayTracingMaterials.usf" 2378
"../../../Engine/Shaders/Private/Lumen/LumenHardwareRayTracingPipeline.usf" 2379
"../../../Engine/Shaders/Private/Lumen/LumenFrontLayerTranslucency.usf" 2380
"../../../Engine/Shaders/Private/LightShaftShader.usf" 2381
"../../../Engine/Shaders/Private/StationaryLightOverlapShaders.usf" 2382
"../../../Engine/Shaders/Private/DeferredLightPixelShaders.usf" 2383
"../../../Engine/Shaders/Private/HairStrands/HairStrandsVisibilityUtils.ush" 2384
"../../../Engine/Shaders/Private/DeferredLightVertexShaders.usf" 2385
"../../../Engine/Shaders/Private/LightMapDensityShader.usf" 2386
"../../../Engine/Shaders/Private/LightGridInjection.usf" 2387
"../../../Engine/Shaders/Private/LightFunctionPixelShader.usf" 2388
"../../../Engine/Shaders/Private/LightFunctionVertexShader.usf" 2389
"../../../Engine/Shaders/Private/InstanceCulling/BuildInstanceDrawCommands.usf" 2390
"../../../Engine/Shaders/Private/InstanceCulling/InstanceCompactionCommon.ush" 2391
"../../../Engine/Shaders/Private/InstanceCulling/CompactVisibleInstances.usf" 2392
"../../../Engine/Shaders/Private/ThreadGroupPrefixSum.ush" 2393
"../../../Engine/Shaders/Private/ReflectionEnvironmentPixelShader.usf" 2394
"../../../Engine/Shaders/Private/Strata/StrataEnvironmentLighting.ush" 2395
"../../../Engine/Shaders/Private/AmbientCubemapComposite.usf" 2396
"../../../Engine/Shaders/Private/DiffuseIndirectComposite.usf" 2397
"../../../Engine/Shaders/Private/HeterogeneousVolumes/HeterogeneousVolumesSparseVoxelPipeline.usf" 2398
"../../../Engine/Shaders/Private/HeterogeneousVolumes/HeterogeneousVolumesSparseVoxelUtils.ush" 2399
"../../../Engine/Shaders/Private/HeterogeneousVolumes/HeterogeneousVolumesSparseVoxelUniformBufferUtils.ush" 2400
"../../../Engine/Shaders/Private/HeterogeneousVolumes/HeterogeneousVolumesPreshadingPipeline.usf" 2401
"../../../Engine/Shaders/Private/HeterogeneousVolumes/HeterogeneousVolumesTracingUtils.ush" 2402
"../../../Engine/Shaders/Private/HeterogeneousVolumes/HeterogeneousVolumesLightingUtils.ush" 2403
"../../../Engine/Shaders/Private/HeterogeneousVolumes/HeterogeneousVolumesRayMarchingUtils.ush" 2404
"../../../Engine/Shaders/Private/HeterogeneousVolumes/HeterogeneousVolumesTransmittanceVolumeUtils.ush" 2405
"../../../Engine/Shaders/Private/HeterogeneousVolumes/HeterogeneousVolumesMaterialBakingPipeline.usf" 2406
"../../../Engine/Shaders/Private/HeterogeneousVolumes/HeterogeneousVolumesLiveShadingUtils.ush" 2407
"../../../Engine/Shaders/Private/HeterogeneousVolumes/HeterogeneousVolumesLiveShadingPipeline.usf" 2408
"../../../Engine/Shaders/Private/HeterogeneousVolumes/HeterogeneousVolumesHardwareRayTracing.usf" 2409
"../../../Engine/Shaders/Private/HeterogeneousVolumes/HeterogeneousVolumesComposite.usf" 2410
"../../../Engine/Shaders/Private/HdrCustomResolveShaders.usf" 2411
"../../../Engine/Shaders/Private/HairStrands/HairStrandsVoxelMip.usf" 2412
"../../../Engine/Shaders/Private/HairStrands/HairStrandsVoxelRasterCompute.usf" 2413
"../../../Engine/Shaders/Private/HairStrands/HairStrandsClusterCommon.ush" 2414
"../../../Engine/Shaders/Private/HairStrands/HairStrandsVoxelPageAllocation.usf" 2415
"../../../Engine/Shaders/Private/Matrices.ush" 2416
"../../../Engine/Shaders/Private/HairStrands/HairStrandsAABBCommon.ush" 2417
"../../../Engine/Shaders/Private/HairStrands/HairStrandsVoxelOpaque.usf" 2418
"../../../Engine/Shaders/Private/HairStrands/HairStrandsRaytracingGeometry.usf" 2419
"../../../Engine/Shaders/Private/HairStrands/HairStrandsHitProxy.usf" 2420
"../../../Engine/Shaders/Private/HairStrands/HairStrandsVisibilityRasterComputeNaive.usf" 2421
"../../../Engine/Shaders/Private/HairStrands/HairStrandsVisibilityRasterHW.usf" 2422
"../../../Engine/Shaders/Private/HairStrands/HairStrandsVisibilityRasterCompute.usf" 2423
"../../../Engine/Shaders/Private/HairStrands/HairStrandsVisibilityRasterClassification.usf" 2424
"../../../Engine/Shaders/Private/HairStrands/HairStrandsCoverage.usf" 2425
"../../../Engine/Shaders/Private/HairStrands/HairStrandsVisibilityDepthPS.usf" 2426
"../../../Engine/Shaders/Private/HairStrands/HairStrandsVisibilityTransmittanceDepthPS.usf" 2427
"../../../Engine/Shaders/Private/HairStrands/HairStrandsVisibilityFillOpaqueDepthPS.usf" 2428
"../../../Engine/Shaders/Private/HairStrands/HairStrandsVisibilityCompactionComputeRaster.usf" 2429
"../../../Engine/Shaders/Private/HairStrands/HairStrandsVisibilityCompaction.usf" 2430
"../../../Engine/Shaders/Private/HairStrands/HairStrandsVisibilityCopyIndirectArg.usf" 2431
"../../../Engine/Shaders/Private/HairStrands/HairStrandsVisibilityClearPS.usf" 2432
"../../../Engine/Shaders/Private/HairStrands/HairStrandsVisibilityPS.usf" 2433
"../../../Engine/Shaders/Private/HairStrands/HairStrandsVisibilityVS.usf" 2434
"../../../Engine/Shaders/Private/HairStrands/HairStrandsVelocity.usf" 2435
"../../../Engine/Shaders/Private/HairStrands/HairStrandsVisibilityComputeSampleCoverage.usf" 2436
"../../../Engine/Shaders/Private/HairStrands/HairStrandsMaterialPS.usf" 2437
"../../../Engine/Shaders/Private/HairStrands/HairStrandsMaterialCommon.ush" 2438
"../../../Engine/Shaders/Private/HairStrands/HairStrandsMaterialVS.usf" 2439
"../../../Engine/Shaders/Private/HairStrands/HairStrandsLightSample.usf" 2440
"../../../Engine/Shaders/Private/HairStrands/HairStrandsDeepShadowMask.usf" 2441
"../../../Engine/Shaders/Private/HairStrands/HairStrandsDeepShadowCommon.ush" 2442
"../../../Engine/Shaders/Private/HairStrands/HairStrandsDeepTransmittanceMask.usf" 2443
"../../../Engine/Shaders/Private/HairStrands/HairStrandsVisibilityTile.usf" 2444
"../../../Engine/Shaders/Private/HairStrands/HairStrandsDeepShadowPS.usf" 2445
"../../../Engine/Shaders/Private/HairStrands/HairStrandsDeepShadowVS.usf" 2446
"../../../Engine/Shaders/Private/HairStrands/HairStrandsLUT.usf" 2447
"../../../Engine/Shaders/Private/HairStrands/HairStrandsEnvironmentLighting.usf" 2448
"../../../Engine/Shaders/Private/HairStrands/HairStrandsEnvironmentLightingCommon.ush" 2449
"../../../Engine/Shaders/Private/HairStrands/HairStrandsDebugCommonStruct.ush" 2450
"../../../Engine/Shaders/Private/HairStrands/HairStrandsEnvironmentAO.usf" 2451
"../../../Engine/Shaders/Private/HairStrands/HairStrandsDeepShadowAllocation.usf" 2452
"../../../Engine/Shaders/Private/HairStrands/HairStrandsVoxelDepthInjection.usf" 2453
"../../../Engine/Shaders/Private/HairStrands/HairStrandsClusterCulling.usf" 2454
"../../../Engine/Shaders/Private/HairStrands/HairStrandsDebug.usf" 2455
"../../../Engine/Shaders/Private/HairStrands/HairStrandsMeshProjectionCommon.ush" 2456
"../../../Engine/Shaders/Private/HairStrands/HairStrandsVoxelPageRayMarching.usf" 2457
"../../../Engine/Shaders/Private/HairStrands/HairStrandsGBufferWrite.usf" 2458
"../../../Engine/Shaders/Private/HairStrands/HairStrandsGBufferCommon.ush" 2459
"../../../Engine/Shaders/Private/HairStrands/HairStrandsVisibilityComposeSubPixelPS.usf" 2460
"../../../Engine/Shaders/Private/HairStrands/HairStrandsAABB.usf" 2461
"../../../Engine/Shaders/Private/GPUScene/GPUSceneDataManagement.usf" 2462
"../../../Engine/Shaders/Private/GPUSceneDebugRender.usf" 2463
"../../../Engine/Shaders/Private/GPUFastFourierTransform.usf" 2464
"../../../Engine/Shaders/Private/GPUFastFourierTransform2DCore.ush" 2465
"../../../Engine/Shaders/Private/GPUFastFourierTransformCore.ush" 2466
"../../../Engine/Shaders/Private/GPUBenchmark.usf" 2467
"../../../Engine/Shaders/Private/DistanceField/GlobalDistanceFieldDebug.usf" 2468
"../../../Engine/Shaders/Private/DistanceField/GlobalDistanceFieldMip.usf" 2469
"../../../Engine/Shaders/Private/DistanceField/GlobalDistanceField.usf" 2470
"../../../Engine/Shaders/Private/DistanceField/GlobalDistanceFieldUpdate.ush" 2471
"../../../Engine/Shaders/Private/DistanceField/GlobalDistanceFieldCompositeObjects.usf" 2472
"../../../Engine/Shaders/Private/DistanceField/GlobalDistanceFieldHeightfields.usf" 2473
"../../../Engine/Shaders/Private/HeightfieldLightingShared.ush" 2474
"../../../Engine/Shaders/Private/GenerateConservativeDepth.usf" 2475
"../../../Engine/Shaders/Private/HeightFogPixelShader.usf" 2476
"../../../Engine/Shaders/Private/HeightFogVertexShader.usf" 2477
"../../../Engine/Shaders/Private/DistortFiltering.usf" 2478
"../../../Engine/Shaders/Private/DistortAccumulatePS.usf" 2479
"../../../Engine/Shaders/Private/DistortAccumulateVS.usf" 2480
"../../../Engine/Shaders/Private/DistanceFieldVisualization.usf" 2481
"../../../Engine/Shaders/Private/DistanceFieldStreaming.usf" 2482
"../../../Engine/Shaders/Private/DistanceFieldShadowing.usf" 2483
"../../../Engine/Shaders/Private/DistanceFieldScreenGridLighting.usf" 2484
"../../../Engine/Shaders/Private/DistanceFieldObjectCulling.usf" 2485
"../../../Engine/Shaders/Private/DistanceFieldLightingPost.usf" 2486
"../../../Engine/Shaders/Private/DitheredTransitionStencil.usf" 2487
"../../../Engine/Shaders/Private/DepthOnlyPixelShader.usf" 2488
"../../../Engine/Shaders/Private/DepthOnlyVertexShader.usf" 2489
"../../../Engine/Shaders/Private/PositionOnlyDepthVertexShader.usf" 2490
"../../../Engine/Shaders/Private/DeferredDecal.usf" 2491
"../../../Engine/Shaders/Private/DecalCommon.ush" 2492
"../../../Engine/Shaders/Private/DebugViewModeVertexShader.usf" 2493
"../../../Engine/Shaders/Private/DebugViewModeCommon.ush" 2494
"../../../Engine/Shaders/Private/DebugViewModePixelShader.usf" 2495
"../../../Engine/Shaders/Private/DebugProbes.usf" 2496
"../../../Engine/Shaders/Private/MeshDecals.usf" 2497
"../../../Engine/Shaders/Private/PostProcessAmbientOcclusion.usf" 2498
"../../../Engine/Shaders/Private/ClusteredDeferredShadingPixelShader.usf" 2499
"../../../Engine/Shaders/Private/ClusteredDeferredShadingVertexShader.usf" 2500
"../../../Engine/Shaders/Private/CapsuleShadowShaders.usf" 2501
"../../../Engine/Shaders/Private/BasePassPixelShader.usf" 2502
"../../../Engine/Shaders/Private/ThinTranslucentCommon.ush" 2503
"../../../Engine/Shaders/Private/ForwardLightingCommon.ush" 2504
"../../../Engine/Shaders/Private/Strata/StrataForwardLighting.ush" 2505
"../../../Engine/Shaders/Private/ComputeShaderOutputCommon.ush" 2506
"../../../Engine/Shaders/Private/BasePassVertexShader.usf" 2507
"../../../Engine/Shaders/Private/BasePassVertexCommon.ush" 2508
"../../../Engine/Shaders/Private/AnisotropyPassShader.usf" 2509
"../../../Engine/Shaders/Private/SimpleElementVolumeTexturePreviewPixelShader.usf" 2510
"../../../Engine/Shaders/Private/SimpleElementTexture2DPreviewPixelShader.usf" 2511
"../../../Engine/Shaders/Private/meshpaintdilatepixelshader.usf" 2512
"../../../Engine/Shaders/Private/meshpaintdilatevertexshader.usf" 2513
"../../../Engine/Shaders/Private/MeshPaintPixelShader.usf" 2514
"../../../Engine/Shaders/Private/MeshPaintVertexShader.usf" 2515
"../../../Engine/Shaders/Private/Tools/VisualizeTexture.usf" 2516
"../../../Engine/Shaders/Private/ByteBuffer.usf" 2517
"../../../Engine/Shaders/Private/ResolveVertexShader.usf" 2518
"../../../Engine/Shaders/Private/ResolvePixelShader.usf" 2519
"../../../Engine/Shaders/Private/Tools/SetupIndirectArgs.usf" 2520
"../../../Engine/Shaders/Private/Tools/ClearUAV.usf" 2521
"../../../Engine/Shaders/Private/ClearReplacementShaders.usf" 2522
"../../../Engine/Shaders/Private/Tools/DrawTexture.usf" 2523
"../../../Engine/Shaders/Private/RayTracing/RayTracingValidation.usf" 2524
"../../../Engine/Shaders/Private/RenderGraphUtilities.usf" 2525
"../../../Engine/Shaders/Private/OneColorShader.usf" 2526
"../../../Engine/Shaders/Private/OculusShaders.usf" 2527
"../../../Engine/Shaders/Private/MediaShaders.usf" 2528
"../../../Engine/Shaders/Private/GPUMessaging.usf" 2529
"../../../Engine/Shaders/Private/NullPixelShader.usf" 2530
"../../../Engine/Shaders/Private/ComputeGenerateMips.usf" 2531
"../../../Engine/Shaders/Private/Tools/DumpTexture.usf" 2532
"../../../Engine/Shaders/Private/CopyTextureShaders.usf" 2533
"../../../Engine/Shaders/Private/Tools/FullscreenVertexShader.usf" 2534
"../../../Engine/Shaders/Private/RayTracing/RayTracingDispatchDesc.usf" 2535
"../../../Engine/Shaders/Private/RayTracing/RayTracingBuiltInShaders.usf" 2536
"../../../Engine/Shaders/Private/Bink.usf" 2537
"../../../../../../PinBall/Intermediate/ShaderAutogen/PCD3D_SM5/AutogenShaderHeaders.ush" 2538
"C:/PinBall/Content/BluePrint_Pinball/BP_Pinball.uasset" 2539
"C:/Program Files/Epic Games/UE_5.1/Engine/Plugins/2D/Paper2D/Content/DummySprite.uasset" 2540
"C:/Program Files/Epic Games/UE_5.1/Engine/Plugins/2D/Paper2D/Content/Tutorial/Paper2D/TutorialAssets/TutorialFlipBook.uasset" 2541
"C:/Program Files/Epic Games/UE_5.1/Engine/Plugins/2D/Paper2D/Content/Tutorial/Paper2D/TutorialAssets/TutorialSprite.uasset" 2542
"C:/Program Files/Epic Games/UE_5.1/Engine/Plugins/Animation/ControlRig/Content/StandardFunctionLibrary/StandardFunctionLibrary.uasset" 2543
"C:/Program Files/Epic Games/UE_5.1/Engine/Plugins/Animation/ControlRigSpline/Content/SplineFunctionLibrary/SplineFunctionLibrary.uasset" 2544
"../../../Engine/Content/EditorResources/S_Actor.uasset" 2545
"C:/Users/kbc12306075/AppData/Local/UnrealEngine/Common/DerivedDataCache/Buckets/BulkDataList/e1/da/991339d668ef83c23d8278dbe56bd862f683.udd" 2546
"../../../../../../PinBall/Intermediate/ShaderAutogen/PCD3D_SM6/AutogenShaderHeaders.ush" 2547
"../../../../../../PinBall/Intermediate/ShaderAutogen/PCD3D_ES3_1/AutogenShaderHeaders.ush" 2548
"../../../Engine/Content/EditorResources/S_BoxReflectionCapture.uasset" 2549
"C:/Users/kbc12306075/AppData/Local/UnrealEngine/Common/DerivedDataCache/Buckets/BulkDataList/cb/c6/385b0d649b897760aeb0085ecca37154326a.udd" 2550
"../../../Engine/Content/EngineResources/DefaultTexture.uasset" 2551
"C:/Users/kbc12306075/AppData/Local/UnrealEngine/Common/DerivedDataCache/Buckets/BulkDataList/0f/14/67e1505d11145ef8420d2ce26e53da680950.udd" 2552
"../../../Engine/Content/EngineResources/DefaultTextureCube.uasset" 2553
"C:/Users/kbc12306075/AppData/Local/UnrealEngine/Common/DerivedDataCache/Buckets/BulkDataList/81/5b/b1fc27fd4a76b761bfa2e502091e3ae20449.udd" 2554
"../../../Engine/Content/EngineResources/DefaultVolumeTexture.uasset" 2555
"../../../Engine/Content/EngineResources/DefaultVolumeTexture2D.uasset" 2556
"C:/Users/kbc12306075/AppData/Local/UnrealEngine/Common/DerivedDataCache/Buckets/BulkDataList/bc/ff/6f740070e8cae3eda370f2e3d64505ebd74b.udd" 2557
"C:/Users/kbc12306075/AppData/Local/UnrealEngine/Common/DerivedDataCache/Buckets/BulkDataList/9f/a6/a514aedbe348f84831b6904849043e9a5c1b.udd" 2558
"../../../Engine/Content/EngineFonts/RobotoDistanceField.uasset" 2559
"C:/Users/kbc12306075/AppData/Local/UnrealEngine/Common/DerivedDataCache/Buckets/BulkDataList/05/8b/371feae71326647dfe6bc000949372e479c8.udd" 2560
"../../../Engine/Content/EngineMaterials/DefaultTextMaterialOpaque.uasset" 2561
"../../../Engine/Content/Functions/Engine_MaterialFunctions01/Shading/PowerToRoughness.uasset" 2562
"../../../Engine/Content/Functions/Engine_MaterialFunctions01/Shading/ConvertFromDiffSpec.uasset" 2563
"../../../Engine/Content/EngineMaterials/WorldGridMaterial.uasset" 2564
"../../../Engine/Content/Functions/Engine_MaterialFunctions01/Opacity/CameraDepthFade.uasset" 2565
"../../../Engine/Content/EngineMaterials/T_Default_Material_Grid_M.uasset" 2566
"../../../Engine/Content/EngineMaterials/T_Default_Material_Grid_N.uasset" 2567
"../../../Engine/Content/EngineMaterials/DefaultDeferredDecalMaterial.uasset" 2568
"../../../Engine/Content/EngineMaterials/DefaultDiffuse.uasset" 2569
"../../../Engine/Content/EngineMaterials/DefaultLightFunctionMaterial.uasset" 2570
"../../../Engine/Content/EngineMaterials/DefaultPostProcessMaterial.uasset" 2571
"../../../Engine/Content/Functions/Engine_MaterialFunctions02/Utility/BreakOutFloat2Components.uasset" 2572
"C:/Users/kbc12306075/AppData/Local/UnrealEngine/Common/DerivedDataCache/Buckets/BulkDataList/23/d8/1895df6c80b1bac5ebc716cd8ac4ec5270b7.udd" 2573
"C:/Users/kbc12306075/AppData/Local/UnrealEngine/Common/DerivedDataCache/Buckets/BulkDataList/26/0f/431045c9d90e51b453f2baa0259eb0a3c55a.udd" 2574
"C:/Users/kbc12306075/AppData/Local/UnrealEngine/Common/DerivedDataCache/Buckets/BulkDataList/f1/9d/c3492b8286d8d9429a83a58052b5550a36d2.udd" 2575
"../../../Engine/Content/EditorResources/S_Trigger.uasset" 2576
"C:/Users/kbc12306075/AppData/Local/UnrealEngine/Common/DerivedDataCache/Buckets/BulkDataList/79/de/3167ebe54915b456039c6a4c59fb132d0a2a.udd" 2577
"../../../Engine/Content/EditorResources/S_TriggerBox.uasset" 2578
"C:/Users/kbc12306075/AppData/Local/UnrealEngine/Common/DerivedDataCache/Buckets/BulkDataList/d2/07/f6c901e955b193d5eff662b55ebe71cf0168.udd" 2579
"../../../Engine/Content/EditorResources/S_TriggerCapsule.uasset" 2580
"C:/Users/kbc12306075/AppData/Local/UnrealEngine/Common/DerivedDataCache/Buckets/BulkDataList/bc/31/15b227bb5face5a871971f404b38d799433f.udd" 2581
"../../../Engine/Content/EditorResources/S_TriggerSphere.uasset" 2582
"C:/Users/kbc12306075/AppData/Local/UnrealEngine/Common/DerivedDataCache/Buckets/BulkDataList/a5/ec/40f12f6bae0d87a1143451007bc96f094c67.udd" 2583
"../../../Engine/Content/EngineDamageTypes/DmgTypeBP_Environmental.uasset" 2584
"../../../Engine/Content/EngineSky/VolumetricClouds/m_SimpleVolumetricCloud_Inst.uasset" 2585
"../../../Engine/Content/EngineSky/VolumetricClouds/m_SimpleVolumetricCloud.uasset" 2586
"../../../Engine/Content/Functions/Engine_MaterialFunctions02/Utility/MakeFloat2.uasset" 2587
"../../../Engine/Content/EngineSky/VolumetricClouds/CloudGradientTexture.uasset" 2588
"../../../Engine/Content/EngineSky/VolumetricClouds/CloudWeatherTexture.uasset" 2589
"../../../Engine/Content/EngineSky/VolumetricClouds/T_VolumeNoiseErosion32.uasset" 2590
"../../../Engine/Content/EngineSky/VolumetricClouds/T_NoiseErosion.uasset" 2591
"../../../Engine/Content/EngineSky/VolumetricClouds/T_VolumeNoiseShape64.uasset" 2592
"../../../Engine/Content/EngineSky/VolumetricClouds/T_NoiseShape64.uasset" 2593
"C:/Users/kbc12306075/AppData/Local/UnrealEngine/Common/DerivedDataCache/Buckets/BulkDataList/f4/59/ad090f81836598e18ffca2a0b89dc01fe386.udd" 2594
"C:/Users/kbc12306075/AppData/Local/UnrealEngine/Common/DerivedDataCache/Buckets/BulkDataList/44/15/dc3fec011e68a1262795e32a814d888e489c.udd" 2595
"C:/Users/kbc12306075/AppData/Local/UnrealEngine/Common/DerivedDataCache/Buckets/BulkDataList/4f/2e/9f0b01a67d6abd79ec6faa764a35a2b271de.udd" 2596
"C:/Users/kbc12306075/AppData/Local/UnrealEngine/Common/DerivedDataCache/Buckets/BulkDataList/eb/ea/971b4d9d61b2d4931669d0989b2e40ebb147.udd" 2597
"C:/Users/kbc12306075/AppData/Local/UnrealEngine/Common/DerivedDataCache/Buckets/BulkDataList/ed/e7/7546b8cd7e72226e34af885b5d64013f2d3a.udd" 2598
"C:/Users/kbc12306075/AppData/Local/UnrealEngine/Common/DerivedDataCache/Buckets/BulkDataList/df/b6/bda629f637822c43eaeff3d96fe89b885a14.udd" 2599
"../../../Engine/Content/EngineMeshes/Sphere.uasset" 2600
"C:/Users/kbc12306075/AppData/Local/UnrealEngine/Common/DerivedDataCache/Buckets/LegacyNavCollision/94/37/4c3f5535d8f986b34ca221a8b4758dc6b152.udd" 2601
"../../../Engine/Content/EngineResources/WhiteSquareTexture.uasset" 2602
"C:/Users/kbc12306075/AppData/Local/UnrealEngine/Common/DerivedDataCache/Buckets/BulkDataList/8b/14/03e27b692ed68715f2da74ef6563a530299b.udd" 2603
"../../../Engine/Content/EngineResources/GradientTexture0.uasset" 2604
"C:/Users/kbc12306075/AppData/Local/UnrealEngine/Common/DerivedDataCache/Buckets/BulkDataList/32/c1/fa2be821ae6cfbb0d420581c0c9c0975839c.udd" 2605
"../../../Engine/Content/EngineResources/Black.uasset" 2606
"C:/Users/kbc12306075/AppData/Local/UnrealEngine/Common/DerivedDataCache/Buckets/BulkDataList/cd/e9/9e183e82665ec58216499ac9e4e984bca71a.udd" 2607
"../../../Engine/Content/EditorMaterials/WorldPartition/WorldPartitionSpatialHashGridPreviewMaterial.uasset" 2608
"../../../Engine/Content/Functions/Engine_MaterialFunctions02/Utility/BreakOutFloat3Components.uasset" 2609
"../../../Engine/Content/Functions/Engine_MaterialFunctions02/Utility/MakeFloat3.uasset" 2610
"../../../Engine/Content/Functions/Engine_MaterialFunctions02/Utility/MakeFloat4.uasset" 2611
"../../../Engine/Content/EngineMaterials/Widget3DPassThrough_Translucent.uasset" 2612
"../../../Engine/Content/EngineMaterials/Widget3DPassThrough.uasset" 2613
"../../../Engine/Content/EngineMaterials/Widget3DPassThrough_Translucent_OneSided.uasset" 2614
"../../../Engine/Content/EngineMaterials/Widget3DPassThrough_Opaque.uasset" 2615
"../../../Engine/Content/EngineMaterials/Widget3DPassThrough_Opaque_OneSided.uasset" 2616
"../../../Engine/Content/EngineMaterials/Widget3DPassThrough_Masked.uasset" 2617
"../../../Engine/Content/EngineMaterials/Widget3DPassThrough_Masked_OneSided.uasset" 2618
"../../../Engine/Content/VREditor/TransformGizmo/PlaneTranslationHandle.uasset" 2619
"../../../Engine/Content/VREditor/TransformGizmo/TransformGizmoMaterial.uasset" 2620
"../../../Engine/Content/VREditor/LaserPointer/VR_LaserPower_01.uasset" 2621
"../../../Engine/Content/VREditor/TransformGizmo/TranslucentTransformGizmoMaterial.uasset" 2622
"C:/Users/kbc12306075/AppData/Local/UnrealEngine/Common/DerivedDataCache/Buckets/BulkDataList/f3/1d/64c2958afd10b7f12f03d6716a736dc27d12.udd" 2623
"../../../Engine/Content/VREditor/TransformGizmo/BoundingBoxCorner.uasset" 2624
"../../../Engine/Content/VREditor/TransformGizmo/BoundingBoxEdge.uasset" 2625
"../../../Engine/Content/VREditor/TransformGizmo/SM_Sequencer_Node.uasset" 2626
"../../../Engine/Content/VREditor/TransformGizmo/Main.uasset" 2627
"../../../Engine/Content/VREditor/TransformGizmo/Xray.uasset" 2628
"../../../Engine/Content/EditorMeshes/Camera/SM_CraneRig_Base.uasset" 2629
"../../../Engine/Content/EditorMaterials/Camera/MI_CineMat_Rig.uasset" 2630
"../../../Engine/Content/EditorMaterials/Camera/CineMat.uasset" 2631
"../../../Engine/Content/EditorMeshes/Camera/SM_CraneRig_Arm.uasset" 2632
"../../../Engine/Content/EditorMeshes/Camera/SM_CraneRig_Mount.uasset" 2633
"../../../Engine/Content/EditorMeshes/Camera/SM_CraneRig_Body.uasset" 2634
"../../../Engine/Content/EditorMeshes/Camera/SM_RailRig_Track.uasset" 2635
"../../../Engine/Content/EditorMeshes/Camera/SM_RailRig_Mount.uasset" 2636
"../../../Engine/Content/ArtTools/RenderToTexture/Meshes/S_1_Unit_Plane.uasset" 2637
"../../../Engine/Content/EngineDebugMaterials/M_SimpleUnlitTranslucent.uasset" 2638
"../../../Engine/Content/EngineFonts/Roboto.uasset" 2639
"../../../Engine/Content/EngineFonts/Faces/DroidSansFallback.uasset" 2640
"../../../Engine/Content/EngineFonts/Faces/RobotoBold.uasset" 2641
"../../../Engine/Content/EngineFonts/Faces/RobotoBoldItalic.uasset" 2642
"../../../Engine/Content/EngineFonts/Faces/RobotoItalic.uasset" 2643
"../../../Engine/Content/EngineFonts/Faces/RobotoLight.uasset" 2644
"../../../Engine/Content/EngineFonts/Faces/RobotoRegular.uasset" 2645
"../../../Engine/Content/EditorMaterials/ParticleSystems/PSysThumbnail_NoImage.uasset" 2646
"C:/Users/kbc12306075/AppData/Local/UnrealEngine/Common/DerivedDataCache/Buckets/BulkDataList/65/73/e602d315028f047b3f9ae7a37563878353fe.udd" 2647
"../../../Engine/Content/EditorMaterials/ParticleSystems/PSysThumbnail_OOD.uasset" 2648
"C:/Users/kbc12306075/AppData/Local/UnrealEngine/Common/DerivedDataCache/Buckets/BulkDataList/f7/f0/59904d4c4a225643fc6fe7b3e9e35d10cf14.udd" 2649
"../../../Engine/Content/EditorLandscapeResources/SplineEditorMesh.uasset" 2650
"../../../Engine/Content/EditorLandscapeResources/SplineEditorMeshMat.uasset" 2651
"../../../Engine/Content/EditorLandscapeResources/DataLayer.uasset" 2652
"../../../Engine/Content/EditorResources/S_Solver.uasset" 2653
"C:/Users/kbc12306075/AppData/Local/UnrealEngine/Common/DerivedDataCache/Buckets/BulkDataList/e7/18/0e4a9a263204a22f7c8bb3345db4b86c2947.udd" 2654
"../../../Engine/Content/EngineDebugMaterials/VolumeToRender.uasset" 2655
"C:/Users/kbc12306075/AppData/Local/UnrealEngine/Common/DerivedDataCache/Buckets/BulkDataList/d3/75/a9c0d1a6b18bd49953c3a0be59758bbf6c42.udd" 2656
"../../../Engine/Content/EngineDebugMaterials/M_VolumeRenderSphereTracePP.uasset" 2657
"../../../Engine/Content/Functions/Engine_MaterialFunctions02/Utility/CameraDirectionVector.uasset" 2658
"../../../Engine/Content/Internationalization/icudt64l/coll/ucadata.icu" 2659
"../../../Engine/Content/Internationalization/icudt64l/coll/ja.res" 2660
"../../../Engine/Content/Internationalization/icudt64l/coll/root.res" 2661
"../../../Engine/Content/Animation/DefaultAnimBoneCompressionSettings.uasset" 2662
"../../../Engine/Content/Animation/DefaultRecorderBoneCompression.uasset" 2663
"../../../Engine/Content/Animation/DefaultAnimCurveCompressionSettings.uasset" 2664
"../../Plugins/Animation/ControlRig/Content/Controls/ControlRigXRayMaterial.uasset" 2665
"../../Plugins/Animation/ControlRig/Content/Controls/DefaultGizmoLibraryNormalized.uasset" 2666
"../../Plugins/2D/Paper2D/Content/MaskedUnlitSpriteMaterial.uasset" 2667
"../../Plugins/2D/Paper2D/Content/DefaultSpriteMaterial.uasset" 2668
"../../Plugins/2D/Paper2D/Content/PlaceholderTextures/DummySpriteTexture.uasset" 2669
"C:/Users/kbc12306075/AppData/Local/UnrealEngine/Common/DerivedDataCache/Buckets/BulkDataList/eb/dc/04a99d1a4e33a6ff8d6c8cfb2b44763b0d51.udd" 2670
"../../Plugins/2D/Paper2D/Content/OpaqueUnlitSpriteMaterial.uasset" 2671
"../../Plugins/2D/Paper2D/Content/DefaultPaperTerrainMaterial.uasset" 2672
"../../Plugins/2D/Paper2D/Content/DummySprite.uasset" 2673
"../../Plugins/Animation/ControlRig/Content/M_Manip.uasset" 2674
"../../../Engine/Content/Functions/Engine_MaterialFunctions02/WorldPositionOffset/CameraOffset.uasset" 2675
"../../Plugins/Editor/SpeedTreeImporter/Content/SpeedTree9/SpeedTreeMaster.uasset" 2676
"../../../Engine/Content/Functions/Engine_MaterialFunctions02/ObjectLocalBounds.uasset" 2677
"../../../Engine/Content/Functions/Engine_MaterialFunctions02/SafeNormalize.uasset" 2678
"../../../Engine/Content/Functions/Engine_MaterialFunctions02/Utility/VectorLength.uasset" 2679
"../../../Engine/Content/Functions/Engine_MaterialFunctions02/UVs/BoundingBoxBased_0-1_UVW.uasset" 2680
"../../../Engine/Content/Functions/Engine_MaterialFunctions02/WorldPositionOffset/ObjectScale.uasset" 2681
"../../Plugins/Editor/SpeedTreeImporter/Content/SpeedTree9/SpeedTreeBranchMotion.uasset" 2682
"../../Plugins/Editor/SpeedTreeImporter/Content/SpeedTree9/SpeedTreeWindMotion.uasset" 2683
"../../Plugins/Editor/SpeedTreeImporter/Content/SpeedTree9/game_wind_noise.uasset" 2684
"../../Plugins/Editor/SpeedTreeImporter/Content/SpeedTree9/UnpackDirection.uasset" 2685
"../../Plugins/Editor/SpeedTreeImporter/Content/SpeedTree9/UnpackInteger3.uasset" 2686
"../../Plugins/Editor/SpeedTreeImporter/Content/SpeedTree9/SpeedTreeCameraFacing.uasset" 2687
"../../Plugins/Editor/SpeedTreeImporter/Content/SpeedTree9/SpeedTreeWind.uasset" 2688
"../../Plugins/Editor/SpeedTreeImporter/Content/SpeedTree9/Empty.uasset" 2689
"../../Plugins/Editor/SpeedTreeImporter/Content/SpeedTree9/EmptyNormal.uasset" 2690
"C:/Users/kbc12306075/AppData/Local/UnrealEngine/Common/DerivedDataCache/Buckets/BulkDataList/54/b0/afbe00876224c944a9734511657e960617e7.udd" 2691
"C:/Users/kbc12306075/AppData/Local/UnrealEngine/Common/DerivedDataCache/Buckets/BulkDataList/7c/8e/8db8c7550c912e01c0c66d7a1192800ec9ab.udd" 2692
"C:/Users/kbc12306075/AppData/Local/UnrealEngine/Common/DerivedDataCache/Buckets/BulkDataList/68/ab/1f2bb45d733a21b4be74a3bad58b5917442d.udd" 2693
"../../Plugins/Editor/SpeedTreeImporter/Content/SpeedTree9/SpeedTreeBillboardMaster.uasset" 2694
"../../Plugins/Editor/SpeedTreeImporter/Content/SpeedTree9/SpeedTreeBillboard.uasset" 2695
"../../Plugins/Media/MediaPlate/Content/SM_MediaPlateScreen.uasset" 2696
"C:/PinBall/Saved/Config/WindowsEditor/ObjectMixerSerializedData.ini" 2697
"../../../Engine/Content/EngineMaterials/RemoveSurfaceMaterial.uasset" 2698
"../../../Engine/Content/EngineDebugMaterials/DebugMeshMaterial.uasset" 2699
"../../../Engine/Content/EngineMaterials/EmissiveMeshMaterial.uasset" 2700
"../../../Engine/Content/EngineMaterials/DefaultWhiteGrid_Low.uasset" 2701
"C:/Users/kbc12306075/AppData/Local/UnrealEngine/Common/DerivedDataCache/Buckets/BulkDataList/17/a5/ecc9f9c4c7f34fb38b8c5b53bf64d1859e04.udd" 2702
"../../../Engine/Content/EngineMaterials/M_InvalidLightmapSettings.uasset" 2703
"../../../Engine/Content/EngineMaterials/InvalidLightmapSettings.uasset" 2704
"C:/Users/kbc12306075/AppData/Local/UnrealEngine/Common/DerivedDataCache/Buckets/BulkDataList/08/93/7f70f808e55069cef2d72bd63a35448364ae.udd" 2705
"../../../Engine/Content/EngineMaterials/GizmoMaterial.uasset" 2706
"../../../Engine/Content/EngineMaterials/PhAT_JointLimitMaterial.uasset" 2707
"../../../Engine/Content/EngineMaterials/FlattenMaterial.uasset" 2708
"../../../Engine/Content/EngineMaterials/BaseFlattenDiffuseMap.uasset" 2709
"../../../Engine/Content/EngineMaterials/BaseFlattenEmissiveMap.uasset" 2710
"../../../Engine/Content/EngineMaterials/BaseFlattenGrayscaleMap.uasset" 2711
"../../../Engine/Content/EngineMaterials/BaseFlattenLinearColor.uasset" 2712
"../../../Engine/Content/EngineMaterials/BaseFlattenNormalMap.uasset" 2713
"../../../Engine/Content/Functions/Engine_MaterialFunctions02/PivotPainter2/Black_1x1_EXR_Texture.uasset" 2714
"C:/Users/kbc12306075/AppData/Local/UnrealEngine/Common/DerivedDataCache/Buckets/BulkDataList/fc/6e/d46fe82860a255bf673c338cc5fac6366103.udd" 2715
"C:/Users/kbc12306075/AppData/Local/UnrealEngine/Common/DerivedDataCache/Buckets/BulkDataList/2a/a7/50e9123264ac5d7c06ea2adb8b04190756aa.udd" 2716
"C:/Users/kbc12306075/AppData/Local/UnrealEngine/Common/DerivedDataCache/Buckets/BulkDataList/c6/74/3df191fe8a2fc0591d8c0a136ea7c80eaedc.udd" 2717
"C:/Users/kbc12306075/AppData/Local/UnrealEngine/Common/DerivedDataCache/Buckets/BulkDataList/a8/9b/4144c9313680c10a507fb0a278c95d7a9581.udd" 2718
"C:/Users/kbc12306075/AppData/Local/UnrealEngine/Common/DerivedDataCache/Buckets/BulkDataList/9c/6f/a0820e2d9647bb5425c02bbf132b75f14b5c.udd" 2719
"C:/Users/kbc12306075/AppData/Local/UnrealEngine/Common/DerivedDataCache/Buckets/BulkDataList/24/21/fe159e33211a952089669dc18b0f9c9def41.udd" 2720
"../../../Engine/Content/EngineMaterials/FlattenMaterial_VT.uasset" 2721
"../../../Engine/Content/EngineMaterials/BaseFlattenDiffuseMap_VT.uasset" 2722
"../../../Engine/Content/EngineMaterials/BaseFlattenEmissiveMap_VT.uasset" 2723
"../../../Engine/Content/EngineMaterials/BaseFlattenGrayscaleMap_VT.uasset" 2724
"../../../Engine/Content/EngineMaterials/BaseFlattenLinearColor_VT.uasset" 2725
"../../../Engine/Content/EngineMaterials/BaseFlattenNormalMap_VT.uasset" 2726
"../../../Engine/Content/EngineMaterials/Black_1x1_EXR_Texture_VT.uasset" 2727
"C:/Users/kbc12306075/AppData/Local/UnrealEngine/Common/DerivedDataCache/Buckets/BulkDataList/5a/b0/a2dcfb032bbf34234f7c11db63aa879833d1.udd" 2728
"C:/Users/kbc12306075/AppData/Local/UnrealEngine/Common/DerivedDataCache/Buckets/BulkDataList/7c/59/eb255a6e9b4d319b0abfc46f81fcb27ee567.udd" 2729
"C:/Users/kbc12306075/AppData/Local/UnrealEngine/Common/DerivedDataCache/Buckets/BulkDataList/ef/d6/0016462fd756a58ffd887b91cc92c6d04619.udd" 2730
"C:/Users/kbc12306075/AppData/Local/UnrealEngine/Common/DerivedDataCache/Buckets/BulkDataList/5e/43/4c039520c564d4fcf0691a50abed25a49dac.udd" 2731
"C:/Users/kbc12306075/AppData/Local/UnrealEngine/Common/DerivedDataCache/Buckets/BulkDataList/b8/a0/90ac7be17ca380b8a9bbf042224d9bc994dd.udd" 2732
"C:/Users/kbc12306075/AppData/Local/UnrealEngine/Common/DerivedDataCache/Buckets/BulkDataList/a1/99/93af903d6049c149980795f24237b823cfb6.udd" 2733
"../../../Engine/Content/EngineMaterials/FlattenMaterial_WS_Normal_VT.uasset" 2734
"../../../Engine/Content/EngineMaterials/Good64x64TilingNoiseHighFreq.uasset" 2735
"C:/Users/kbc12306075/AppData/Local/UnrealEngine/Common/DerivedDataCache/Buckets/BulkDataList/2c/10/de8b92a573f38ba50672c71d8678b6ade2fc.udd" 2736
"../../../Engine/Content/EngineMaterials/DefaultBokeh.uasset" 2737
"C:/Users/kbc12306075/AppData/Local/UnrealEngine/Common/DerivedDataCache/Buckets/BulkDataList/3e/c9/1fb7402a272a54b70c52b83559c5ebec62be.udd" 2738
"../../../Engine/Content/EngineMaterials/PreintegratedSkinBRDF.uasset" 2739
"C:/Users/kbc12306075/AppData/Local/UnrealEngine/Common/DerivedDataCache/Buckets/BulkDataList/61/28/e7b7d7b71fba6c8b75f014313e1fd0555c9b.udd" 2740
"../../../Engine/Content/EngineMaterials/MiniFont.uasset" 2741
"C:/Users/kbc12306075/AppData/Local/UnrealEngine/Common/DerivedDataCache/Buckets/BulkDataList/b2/83/83f2ce4f8a45833f992adce4f2c784e9554a.udd" 2742
"../../../Engine/Content/EngineMaterials/WeightMapPlaceholderTexture.uasset" 2743
"C:/Users/kbc12306075/AppData/Local/UnrealEngine/Common/DerivedDataCache/Buckets/BulkDataList/78/de/80c421f5b022ece44be69bd8567c1f8fbd72.udd" 2744
"../../../Engine/Content/EngineMaterials/DefaultWhiteGrid.uasset" 2745
"C:/Users/kbc12306075/AppData/Local/UnrealEngine/Common/DerivedDataCache/Buckets/BulkDataList/33/a4/48e441cb3e6aedfdeb45f3071fe197defffc.udd" 2746
"../../../Engine/Content/EngineMaterials/DefaultPhysicalMaterial.uasset" 2747
"../../../Engine/Content/EngineMaterials/DefaultDestructiblePhysicalMaterial.uasset" 2748
"../../../Engine/Content/EditorLandscapeResources/DefaultAlphaTexture.uasset" 2749
"C:/Users/kbc12306075/AppData/Local/UnrealEngine/Common/DerivedDataCache/Buckets/BulkDataList/74/a1/b1c7bde61403cd8facc66568202927e5e1a0.udd" 2750
"../../../Engine/Content/EditorResources/S_Terrain.uasset" 2751
"C:/Users/kbc12306075/AppData/Local/UnrealEngine/Common/DerivedDataCache/Buckets/BulkDataList/2a/f2/cb45542366d1b61ba0eafe8df216b7773ab9.udd" 2752
"../../../Engine/Content/BasicShapes/Cube.uasset" 2753
"../../../Engine/Content/BasicShapes/Sphere.uasset" 2754
"../../../Engine/Content/EngineMaterials/DefaultMaterial.uasset" 2755
"../../../Engine/Content/BasicShapes/Cylinder.uasset" 2756
"../../../Engine/Content/BasicShapes/Cone.uasset" 2757
"../../../Engine/Content/BasicShapes/Plane.uasset" 2758
"../../Plugins/Runtime/MeshModelingToolset/Content/Materials/M_DynamicMeshComponentVtxColor.uasset" 2759
"../../Plugins/FX/Niagara/Content/ParameterDefinitions/SpriteRenderer.uasset" 2760
"../../Plugins/FX/Niagara/Content/ParameterDefinitions/RibbonRenderer.uasset" 2761
"../../Plugins/FX/Niagara/Content/ParameterDefinitions/MeshRenderer.uasset" 2762
"../../Plugins/FX/Niagara/Content/ParameterDefinitions/LightRenderer.uasset" 2763
"../../Plugins/FX/Niagara/Content/ParameterDefinitions/CoreParameters.uasset" 2764
"../../../Engine/Content/EditorResources/SequenceRecorder/Countdown.uasset" 2765
"C:/Users/kbc12306075/AppData/Local/UnrealEngine/Common/DerivedDataCache/Buckets/BulkDataList/14/12/fa544213cda4839a9f8ef807433248709236.udd" 2766
"../../../Engine/Content/EditorResources/SequenceRecorder/RecordingIndicator.uasset" 2767
"C:/Users/kbc12306075/AppData/Local/UnrealEngine/Common/DerivedDataCache/Buckets/BulkDataList/48/02/dd6052cf8fda307a7dbae022b92ba039b451.udd" 2768
"../../../Engine/Content/EditorMaterials/PhAT_UnselectedMaterial.uasset" 2769
"../../../Engine/Content/EditorMaterials/PhAT_NoCollisionMaterial.uasset" 2770
"C:/PinBall/Intermediate/ShaderAutogen/PCD3D_SM6/AutogenShaderHeaders.ush" 2771
"C:/Users/kbc12306075/AppData/Local/Temp/UnrealShaderWorkingDir/DAFCE8A34BDFC7D02365268F7B31E770/2/WorkerOutputOnly.out" 2772
"C:/Users/kbc12306075/AppData/Local/Temp/UnrealShaderWorkingDir/DAFCE8A34BDFC7D02365268F7B31E770/4/WorkerOutputOnly.out" 2773
"C:/Users/kbc12306075/AppData/Local/Temp/UnrealShaderWorkingDir/DAFCE8A34BDFC7D02365268F7B31E770/1/WorkerOutputOnly.out" 2774
"C:/Users/kbc12306075/AppData/Local/Temp/UnrealShaderWorkingDir/DAFCE8A34BDFC7D02365268F7B31E770/9/WorkerOutputOnly.out" 2775
"C:/Users/kbc12306075/AppData/Local/Temp/UnrealShaderWorkingDir/DAFCE8A34BDFC7D02365268F7B31E770/12/WorkerOutputOnly.out" 2776
"C:/Users/kbc12306075/AppData/Local/Temp/UnrealShaderWorkingDir/DAFCE8A34BDFC7D02365268F7B31E770/8/WorkerOutputOnly.out" 2777
"C:/Users/kbc12306075/AppData/Local/Temp/UnrealShaderWorkingDir/DAFCE8A34BDFC7D02365268F7B31E770/13/WorkerOutputOnly.out" 2778
"C:/Users/kbc12306075/AppData/Local/Temp/UnrealShaderWorkingDir/DAFCE8A34BDFC7D02365268F7B31E770/14/WorkerOutputOnly.out" 2779
"C:/Users/kbc12306075/AppData/Local/Temp/UnrealShaderWorkingDir/DAFCE8A34BDFC7D02365268F7B31E770/15/WorkerOutputOnly.out" 2780
"C:/Users/kbc12306075/AppData/Local/Temp/UnrealShaderWorkingDir/DAFCE8A34BDFC7D02365268F7B31E770/16/WorkerOutputOnly.out" 2781
"C:/Users/kbc12306075/AppData/Local/Temp/UnrealShaderWorkingDir/DAFCE8A34BDFC7D02365268F7B31E770/0/WorkerOutputOnly.out" 2782
"C:/Users/kbc12306075/AppData/Local/Temp/UnrealShaderWorkingDir/DAFCE8A34BDFC7D02365268F7B31E770/6/WorkerOutputOnly.out" 2783
"C:/Users/kbc12306075/AppData/Local/Temp/UnrealShaderWorkingDir/DAFCE8A34BDFC7D02365268F7B31E770/11/WorkerOutputOnly.out" 2784
"C:/Users/kbc12306075/AppData/Local/Temp/UnrealShaderWorkingDir/DAFCE8A34BDFC7D02365268F7B31E770/7/WorkerOutputOnly.out" 2785
"C:/Users/kbc12306075/AppData/Local/Temp/UnrealShaderWorkingDir/DAFCE8A34BDFC7D02365268F7B31E770/5/WorkerOutputOnly.out" 2786
"C:/Users/kbc12306075/AppData/Local/Temp/UnrealShaderWorkingDir/DAFCE8A34BDFC7D02365268F7B31E770/10/WorkerOutputOnly.out" 2787
"C:/Users/kbc12306075/AppData/Local/Temp/UnrealShaderWorkingDir/DAFCE8A34BDFC7D02365268F7B31E770/3/WorkerOutputOnly.out" 2788
"../../../Engine/Content/EngineMaterials/STBlueNoise_vec2_128x128x64.uasset" 2789
"../../../Engine/Plugins/Interchange/Runtime/Content/Pipelines/DefaultTexturePipeline.uasset" 2790
"../../../Engine/Content/EngineSounds/Master.uasset" 2791
"../../../Engine/Plugins/Interchange/Runtime/Content/Pipelines/DefaultSceneAssetsPipeline.uasset" 2792
"../../../Engine/Content/EngineMaterials/STBlueNoise_scalar_128x128x64.uasset" 2793
"../../../Engine/Plugins/Interchange/Runtime/Content/Pipelines/DefaultSceneLevelPipeline.uasset" 2794
"../../../Engine/Content/EngineDebugMaterials/DebugEditorMaterial.uasset" 2795
"../../../Engine/Content/EditorResources/BSPVertex.uasset" 2796
"../../../Engine/Content/EngineMaterials/DefaultBloomKernel.uasset" 2797
"../../../Engine/Plugins/Interchange/Runtime/Content/Pipelines/DefaultMaterialPipeline.uasset" 2798
"../../../Engine/Content/EngineResources/FilmGrains/Marcie_Grain_v3_128_M2_000.uasset" 2799
"../../../Engine/Plugins/Animation/ControlRig/Content/Controls/ControlRigGizmoMaterial.uasset" 2800
"../../../Engine/Plugins/Interchange/Runtime/Content/Pipelines/DefaultAssetsPipeline.uasset" 2801
"C:/PinBall/Content/System_Pinball/GMI_Pinball.uasset" 2802
"../../../Engine/Plugins/Interchange/Runtime/Content/Utilities/T_Bayer64_Grayscale_64px.uasset" 2803
"../../../Engine/Plugins/Interchange/Runtime/Content/Utilities/New_LUT.uasset" 2804
"../../../Engine/Plugins/Interchange/Runtime/Content/Pipelines/DefaultGraphInspectorPipeline.uasset" 2805
"../../../Engine/Plugins/Interchange/Runtime/Content/Materials/UnlitMaterial.uasset" 2806
"../../../Engine/Plugins/Interchange/Runtime/Content/Materials/MapOrScalarFunction.uasset" 2807
"../../../Engine/Plugins/Interchange/Runtime/Content/Materials/MapOrLinearColorFunction.uasset" 2808
"../../../Engine/Plugins/Interchange/Runtime/Content/Materials/MapOrColorFunction.uasset" 2809
"../../../Engine/Plugins/Interchange/Runtime/Content/gltf/Textures/T_White_srgb.uasset" 2810
"../../../Engine/Plugins/Interchange/Runtime/Content/gltf/Textures/T_White_Linear.uasset" 2811
"C:/Users/kbc12306075/AppData/Local/UnrealEngine/Common/DerivedDataCache/Buckets/BulkDataList/06/cf/954346d67a695836ab4e035f5aa253d75473.udd" 2812
"../../../Engine/Plugins/Interchange/Runtime/Content/gltf/Textures/T_Gray_Linear.uasset" 2813
"C:/Users/kbc12306075/AppData/Local/UnrealEngine/Common/DerivedDataCache/Buckets/BulkDataList/2e/48/3590dd4f325265a6fd1698cef75606daf937.udd" 2814
"../../../Engine/Plugins/Interchange/Runtime/Content/gltf/Textures/T_Generic_N.uasset" 2815
"../../../Engine/Plugins/Interchange/Runtime/Content/gltf/Textures/T_Black_srgb.uasset" 2816
"../../../Engine/Plugins/Interchange/Runtime/Content/gltf/MaterialFunctions/MF_RotateV2.uasset" 2817
"C:/Users/kbc12306075/AppData/Local/UnrealEngine/Common/DerivedDataCache/Buckets/BulkDataList/88/97/4e9a70a2065b017b7372942ce98755893f11.udd" 2818
"../../../Engine/Plugins/Interchange/Runtime/Content/gltf/MaterialFunctions/MF_IOR.uasset" 2819
"C:/Users/kbc12306075/AppData/Local/UnrealEngine/Common/DerivedDataCache/Buckets/BulkDataList/de/d6/b34ac7b38f6275a67468ae1f6a43c8fd695a.udd" 2820
"../../../Engine/Plugins/Interchange/Runtime/Content/gltf/MaterialFunctions/MF_Fresnel_DS.uasset" 2821
"../../../Engine/Plugins/Interchange/Runtime/Content/Functions/MF_SchlickApprox.uasset" 2822
"../../../Engine/Plugins/Interchange/Runtime/Content/Functions/MF_OrenNayerView.uasset" 2823
"../../../Engine/Content/EngineMaterials/DefaultCalibrationGrayscale.uasset" 2824
"../../../Engine/Content/EngineMaterials/DefaultCalibrationColor.uasset" 2825
"../../../Engine/Content/MobileResources/HUD/VirtualJoystick_Background.uasset" 2826
"../../../Engine/Content/MobileResources/HUD/VirtualJoystick_Thumb.uasset" 2827
"../../../Engine/Content/EngineSounds/Submixes/MasterEQEffectPreset.uasset" 2828
"../../../Engine/Content/EngineSounds/Submixes/MasterReverbEffectPreset.uasset" 2829
"../../../Engine/Content/EditorMaterials/PreviewShadowIndicator.uasset" 2830
"C:/PinBall/Content/Widget_Pinball/WBP_Score.uasset" 2831
"../../../Engine/Content/Maps/Entry_BuiltData.uasset" 2832
"../../../Engine/Content/EngineSky/M_SimpleSkyDome.uasset" 2833
"C:/PinBall/Content/BluePrint_Pinball/BP_Camera.uasset" 2834
"C:/PinBall/Content/BluePrint_Pinball/BP_Hole.uasset" 2835
"C:/PinBall/Content/BluePrint_Pinball/BP_Normal.uasset" 2836
"C:/PinBall/Content/BluePrint_Pinball/BP_Wall_LR.uasset" 2837
"C:/PinBall/Content/BluePrint_Pinball/BP_Wall_TB.uasset" 2838
"C:/PinBall/Content/Maps_Pinball/_GENERATED/kbc12306183/Box_33C0111C.uasset" 2839
"C:/PinBall/Content/Maps_Pinball/_GENERATED/kbc12306183/Box_37F2593B.uasset" 2840
"C:/PinBall/Content/Maps_Pinball/_GENERATED/kbc12306183/Box_5ADE4CAC.uasset" 2841
"C:/PinBall/Content/Maps_Pinball/_GENERATED/kbc12306183/Box_87DD8616.uasset" 2842
"C:/PinBall/Content/Maps_Pinball/_GENERATED/kbc12306183/Box_CE6E3139.uasset" 2843
"C:/PinBall/Content/Maps_Pinball/_GENERATED/kbc12306183/Box_DE7710B6.uasset" 2844
"C:/PinBall/Content/Maps_Pinball/_GENERATED/kbc12306183/Box_E6317A2B.uasset" 2845
"C:/Users/kbc12306075/AppData/Local/UnrealEngine/Common/DerivedDataCache/Buckets/BulkDataList/ea/43/aa9be7519cde6acec6892fc4ac90a8c036a2.udd" 2846
"C:/PinBall/Content/Maps_Pinball/_GENERATED/kbc12306183/Cylinder_E0EBC6DA.uasset" 2847
"C:/PinBall/Content/Maps_Pinball/_GENERATED/kbc12306183/Cylinder_E0EBC6DA1.uasset" 2848
"C:/PinBall/Content/Maps_Pinball/Map_Level1_BuiltData.uasset" 2849
"C:/PinBall/Content/StarterContent/Materials/M_Basic_Floor.uasset" 2850
"C:/PinBall/Content/System_Pinball/Input/IA_Pause.uasset" 2851
"../../../Engine/Content/EngineMaterials/DefaultNormal.uasset" 2852
"../../../Engine/Content/EditorLandscapeResources/WhiteSquareTexture.uasset" 2853
"../../../Engine/Content/EngineMaterials/FlatNormal.uasset" 2854
"../../../Engine/Content/Functions/Engine_MaterialFunctions02/Math/AddComponents.uasset" 2855
"C:/Users/kbc12306075/AppData/Local/UnrealEngine/Common/DerivedDataCache/Buckets/StaticMesh/a1/97/f3d64314e23d1f3c60aedb4479dab4cf8848.udd" 2856
"../../../Engine/Content/Functions/Engine_MaterialFunctions02/Texturing/CustomRotator.uasset" 2857
"C:/Users/kbc12306075/AppData/Local/UnrealEngine/Common/DerivedDataCache/Buckets/LegacyDIST/ec/1b/7d414dfb84050bb0d65aac90c106c5f79fcb.udd" 2858
"C:/Users/kbc12306075/AppData/Local/UnrealEngine/Common/DerivedDataCache/Buckets/LegacyCARD/b2/ff/980be6fd5d9f5277a62d1618e2a5ee074895.udd" 2859
"C:/Users/kbc12306075/AppData/Local/UnrealEngine/Common/DerivedDataCache/Buckets/StaticMesh/82/4e/5ed7b33bd06959851baa922b270d7edc6fe4.udd" 2860
"C:/Users/kbc12306075/AppData/Local/UnrealEngine/Common/DerivedDataCache/Buckets/LegacyDIST/5d/91/68766ac24e0621ce4af1cce7de919c27c42e.udd" 2861
"../../../Engine/Content/Functions/Engine_MaterialFunctions02/Texturing/ScreenAlignedPixelToPixelUVs.uasset" 2862
"C:/Users/kbc12306075/AppData/Local/UnrealEngine/Common/DerivedDataCache/Buckets/LegacyNavCollision/25/80/9b6ec2ce097dcceaccc243a014a74d558508.udd" 2863
"C:/Users/kbc12306075/AppData/Local/UnrealEngine/Common/DerivedDataCache/Buckets/LegacyCARD/05/f8/971d437943c292786b98f88d1cf187172118.udd" 2864
"C:/Users/kbc12306075/AppData/Local/UnrealEngine/Common/DerivedDataCache/Buckets/LegacyNavCollision/cc/80/b9c6b3106d9eb6d1e1c060a783b96244061e.udd" 2865
"C:/Users/kbc12306075/AppData/Local/UnrealEngine/Common/DerivedDataCache/Buckets/StaticMesh/c9/7d/e67dce30301122668c475a499246a0afe111.udd" 2866
"C:/Users/kbc12306075/AppData/Local/UnrealEngine/Common/DerivedDataCache/Buckets/LegacyDIST/46/dd/a1f253c810f8513bcc1c47699d63cb7596a7.udd" 2867
"../../../Engine/Content/Functions/Engine_MaterialFunctions01/Texturing/FlattenNormal.uasset" 2868
"C:/Users/kbc12306075/AppData/Local/UnrealEngine/Common/DerivedDataCache/Buckets/LegacyCARD/4e/e4/df8366ebd2b570bcfc8b5aa4ea441fb2364f.udd" 2869
"C:/Users/kbc12306075/AppData/Local/UnrealEngine/Common/DerivedDataCache/Buckets/LegacyNavCollision/62/53/f933da539da8970cd7437eef1eb714d91f76.udd" 2870
"C:/Users/kbc12306075/AppData/Local/UnrealEngine/Common/DerivedDataCache/Buckets/StaticMesh/36/9d/fb31514b8df458b8d690cba8064d0ef9f03e.udd" 2871
"C:/Users/kbc12306075/AppData/Local/UnrealEngine/Common/DerivedDataCache/Buckets/LegacyDIST/31/84/6f9a3f69489ff491816cc748b2a7798098dc.udd" 2872
"../../../../../../PinBall/Content/Maps_Pinball/_GENERATED/kbc12306183/Box_33C0111C.uasset" 2873
"../../../../../../PinBall/Content/Maps_Pinball/_GENERATED/kbc12306183/Box_37F2593B.uasset" 2874
"C:/Users/kbc12306075/AppData/Local/UnrealEngine/Common/DerivedDataCache/Buckets/LegacyCARD/b6/ca/43f9ab2aa655c783e76883b4703176e7bc32.udd" 2875
"../../../../../../PinBall/Content/Maps_Pinball/_GENERATED/kbc12306183/Box_5ADE4CAC.uasset" 2876
"C:/Users/kbc12306075/AppData/Local/UnrealEngine/Common/DerivedDataCache/Buckets/LegacyNavCollision/6a/f2/b4e5eba78c52666efb7fa4ab377440ad769a.udd" 2877
"../../../Engine/Content/Functions/Engine_MaterialFunctions01/Shading/FuzzyShading.uasset" 2878
"C:/Users/kbc12306075/AppData/Local/UnrealEngine/Common/DerivedDataCache/Buckets/StaticMesh/14/6a/e4ea413b5bfd2e45a876c6f5f08648c41afe.udd" 2879
"../../../Engine/Content/Functions/Engine_MaterialFunctions03/Math/RemapValueRange.uasset" 2880
"C:/Users/kbc12306075/AppData/Local/UnrealEngine/Common/DerivedDataCache/Buckets/LegacyDIST/7b/d8/930fcff7af8f2bf0cab5e0e3be175e26e372.udd" 2881
"C:/Users/kbc12306075/AppData/Local/UnrealEngine/Common/DerivedDataCache/Buckets/StaticMesh/39/8a/03f870a74e926b4db0e166ffa124d9ea1238.udd" 2882
"C:/Users/kbc12306075/AppData/Local/UnrealEngine/Common/DerivedDataCache/Buckets/LegacyCARD/3b/f2/8f7d06b199242b842ecd6f4144b16dc93f32.udd" 2883
"C:/PinBall/Content/StarterContent/Textures/atari.uasset" 2884
"C:/Users/kbc12306075/AppData/Local/UnrealEngine/Common/DerivedDataCache/Buckets/LegacyDIST/1d/38/ce4845f85e258d1ad58d734189966de1a726.udd" 2885
"C:/Users/kbc12306075/AppData/Local/UnrealEngine/Common/DerivedDataCache/Buckets/LegacyNavCollision/11/98/56def27f03ddb20ef53de579d98a0cb43e5f.udd" 2886
"C:/Users/kbc12306075/AppData/Local/UnrealEngine/Common/DerivedDataCache/Buckets/LegacyCARD/21/1f/d5f830409f23ebbe491a3697aae5aadf5be4.udd" 2887
"C:/Users/kbc12306075/AppData/Local/UnrealEngine/Common/DerivedDataCache/Buckets/LegacyNavCollision/82/9b/19bec0806f3ace830a2e6734138d47b486d2.udd" 2888
"C:/Users/kbc12306075/AppData/Local/UnrealEngine/Common/DerivedDataCache/Buckets/StaticMesh/34/4a/759ad95ba5cb176ccf49e56fc72414ec321a.udd" 2889
"C:/PinBall/Content/Sound_PinBall/????_?_.uasset" 2890
"C:/Users/kbc12306075/AppData/Local/UnrealEngine/Common/DerivedDataCache/Buckets/LegacyDIST/3c/a3/29d61ddfc60445406c08e704f0f19c211c45.udd" 2891
"C:/Users/kbc12306075/AppData/Local/UnrealEngine/Common/DerivedDataCache/Buckets/LegacyCARD/27/f6/13dac5e9751e25724ccc6b567d12ca7c102a.udd" 2892
"C:/Users/kbc12306075/AppData/Local/UnrealEngine/Common/DerivedDataCache/Buckets/StaticMesh/9c/f3/8711f8c5d693c06fc5197336e428e6323c12.udd" 2893
"C:/PinBall/Content/Widget_Pinball/image/number_1.uasset" 2894
"C:/Users/kbc12306075/AppData/Local/UnrealEngine/Common/DerivedDataCache/Buckets/LegacyNavCollision/5d/9e/bd0fd7636dd5d41691b5cd5dfc47d45b3942.udd" 2895
"C:/Users/kbc12306075/AppData/Local/UnrealEngine/Common/DerivedDataCache/Buckets/LegacyDIST/38/18/b3e7e9abba1ce658dec7e8cbd0edcb8cfe22.udd" 2896
"C:/Users/kbc12306075/AppData/Local/UnrealEngine/Common/DerivedDataCache/Buckets/LegacyCARD/0d/79/161de5c23155c8b915ba44bd757455d94f8a.udd" 2897
"C:/Users/kbc12306075/AppData/Local/UnrealEngine/Common/DerivedDataCache/Buckets/StaticMesh/38/8c/bdfc47402b01d430a39676c247b41bf4b053.udd" 2898
"C:/PinBall/Content/Widget_Pinball/image/number_2.uasset" 2899
"C:/Users/kbc12306075/AppData/Local/UnrealEngine/Common/DerivedDataCache/Buckets/LegacyNavCollision/db/36/0118a4a600429ce80a92dabe5e4e18e0b29f.udd" 2900
"C:/Users/kbc12306075/AppData/Local/UnrealEngine/Common/DerivedDataCache/Buckets/LegacyDIST/09/1d/c377a24f43cfce0f0729520d20ab60785628.udd" 2901
"C:/Users/kbc12306075/AppData/Local/UnrealEngine/Common/DerivedDataCache/Buckets/LegacyCARD/1e/85/2132f18b6c7108b321d5b876ac669d97744e.udd" 2902
"C:/PinBall/Content/Widget_Pinball/image/number_3.uasset" 2903
"C:/Users/kbc12306075/AppData/Local/UnrealEngine/Common/DerivedDataCache/Buckets/LegacyNavCollision/06/4a/f3bf84bac7c01923b1854c434c50ed0d1a2b.udd" 2904
"C:/PinBall/Content/Widget_Pinball/image/number_4.uasset" 2905
"C:/PinBall/Content/Widget_Pinball/image/number_5.uasset" 2906
"C:/Users/kbc12306075/AppData/Local/UnrealEngine/Common/DerivedDataCache/Buckets/BulkDataList/0c/0a/d87b9dae39653ccbeffdf47488797f64ba28.udd" 2907
"C:/PinBall/Content/Widget_Pinball/image/number_6.uasset" 2908
"C:/PinBall/Content/Widget_Pinball/image/number_7.uasset" 2909
"C:/PinBall/Content/Maps_Pinball/_GENERATED/kbc12306183/Merge_DB88DFA3.uasset" 2910
"C:/PinBall/Content/Sound_PinBall/audiostock_728811.uasset" 2911
"C:/PinBall/Content/System_Pinball/Input/IA_Left_Trigger.uasset" 2912
"C:/PinBall/Content/System_Pinball/Input/IA_Right_Trigger.uasset" 2913
"../../../Engine/Content/EditorBlueprintResources/StandardMacros.uasset" 2914
"../../../../../../PinBall/Content/Maps_Pinball/_GENERATED/kbc12306183/Box_87DD8616.uasset" 2915
"../../../../../../PinBall/Content/Maps_Pinball/_GENERATED/kbc12306183/Box_CE6E3139.uasset" 2916
"../../../../../../PinBall/Content/Maps_Pinball/_GENERATED/kbc12306183/Box_DE7710B6.uasset" 2917
"../../../../../../PinBall/Content/Maps_Pinball/_GENERATED/kbc12306183/Box_E6317A2B.uasset" 2918
"../../../../../../PinBall/Content/Maps_Pinball/_GENERATED/kbc12306183/Cylinder_E0EBC6DA.uasset" 2919
"../../../../../../PinBall/Content/Maps_Pinball/_GENERATED/kbc12306183/Cylinder_E0EBC6DA1.uasset" 2920
"C:/PinBall/Content/System_Pinball/Input/IA_Launcher.uasset" 2921
"C:/PinBall/Content/CameraShake/CS_Base.uasset" 2922
"C:/Users/kbc12306075/AppData/Local/UnrealEngine/Common/DerivedDataCache/Buckets/BulkDataList/4a/8e/205988dfac32489551af698f9916732f0acb.udd" 2923
"C:/PinBall/Content/Sound_PinBall/??????2.uasset" 2924
"C:/Users/kbc12306075/AppData/Local/UnrealEngine/Common/DerivedDataCache/Buckets/BulkDataList/dc/12/e58a235214db21357b2fdf94d74e1520cee8.udd" 2925
"C:/PinBall/Content/Sound_PinBall/??????????????????2.uasset" 2926
"C:/Users/kbc12306075/AppData/Local/UnrealEngine/Common/DerivedDataCache/Buckets/BulkDataList/3b/50/4895a883a4ab700e6eae87c04c01c13f7be2.udd" 2927
"C:/PinBall/Content/Material_Pinball/M_Illumination.uasset" 2928
"C:/Users/kbc12306075/AppData/Local/UnrealEngine/Common/DerivedDataCache/Buckets/BulkDataList/0c/0c/31e62178878a49f4273797dd9bb6dfe42056.udd" 2929
"C:/PinBall/Content/Material_Pinball/M_Lamp.uasset" 2930
"C:/Users/kbc12306075/AppData/Local/UnrealEngine/Common/DerivedDataCache/Buckets/BulkDataList/0c/ad/2bb875affd9b52928a6c93ddaacf72b12b60.udd" 2931
"C:/PinBall/Content/LevelPrototyping/Materials/M_Solid.uasset" 2932
"C:/Users/kbc12306075/AppData/Local/UnrealEngine/Common/DerivedDataCache/Buckets/BulkDataList/19/3c/f96e8f378b6521232534c6bc644578e2c126.udd" 2933
"C:/PinBall/Content/Material_Pinball/PM_Board.uasset" 2934
"C:/Users/kbc12306075/AppData/Local/UnrealEngine/Common/DerivedDataCache/Buckets/BulkDataList/7e/6a/2a745e8a8d94626f0a492abb43fa0f2195b6.udd" 2935
"C:/PinBall/Content/StarterContent/Textures/T_MacroVariation.uasset" 2936
"C:/Users/kbc12306075/AppData/Local/UnrealEngine/Common/DerivedDataCache/Buckets/BulkDataList/84/38/b18930ed6876c9808d3f57153b37645e8d0d.udd" 2937
"C:/PinBall/Content/StarterContent/Textures/T_Metal_Gold_D.uasset" 2938
"C:/Users/kbc12306075/AppData/Local/UnrealEngine/Common/DerivedDataCache/Buckets/BulkDataList/a2/5b/165a758fcb536e374f214419ada483ed9071.udd" 2939
"C:/PinBall/Content/StarterContent/Textures/T_Metal_Gold_N.uasset" 2940
"C:/Users/kbc12306075/AppData/Local/UnrealEngine/Common/DerivedDataCache/Buckets/StaticMesh/09/24/d548f6626984cf0838506c6a8a69169432a6.udd" 2941
"C:/PinBall/Content/StarterContent/Materials/M_Basic_Wall.uasset" 2942
"C:/Users/kbc12306075/AppData/Local/UnrealEngine/Common/DerivedDataCache/Buckets/LegacyDIST/51/73/f7987164042e24029a3be4566a7868fe4e9f.udd" 2943
"C:/Users/kbc12306075/AppData/Local/UnrealEngine/Common/DerivedDataCache/Buckets/LegacyCARD/40/82/6e9884fba508da7df2f4abf2f776a5be3d19.udd" 2944
"C:/Users/kbc12306075/AppData/Local/UnrealEngine/Common/DerivedDataCache/Buckets/BulkDataList/e8/c5/802345616692f9a0b89e467ef6f44873c972.udd" 2945
"C:/PinBall/Content/System_Pinball/Input/IA_Down_Button.uasset" 2946
"C:/Users/kbc12306075/AppData/Local/UnrealEngine/Common/DerivedDataCache/Buckets/LegacyNavCollision/3e/55/c4981db994557e0eb293e993f49987f498e2.udd" 2947
"C:/PinBall/Content/System_Pinball/Input/IA_Up_Button.uasset" 2948
"C:/PinBall/Content/Widget_Pinball/select_image/arrow.uasset" 2949
"C:/PinBall/Content/System_Pinball/Input/IA_Left_Button.uasset" 2950
"C:/Users/kbc12306075/AppData/Local/UnrealEngine/Common/DerivedDataCache/Buckets/LegacyTEXTURE/b8/3c/54fc5d6fab7936671af87ce13e33b569f5f4.udd" 2951
"C:/Users/kbc12306075/AppData/Local/UnrealEngine/Common/DerivedDataCache/Buckets/LegacyAudio/f2/81/3bb0258be74209c973678d02005285344a0f.udd" 2952
"C:/Users/kbc12306075/AppData/Local/UnrealEngine/Common/DerivedDataCache/Buckets/LegacySTREAMEDAUDIO/fb/f6/70c96521eb3a1d7293cf0cf5e2a34426e044.udd" 2953
"C:/Users/kbc12306075/AppData/Local/UnrealEngine/Common/DerivedDataCache/Buckets/LegacySTREAMEDAUDIO/5c/7b/6cfa765e9e662a96fb817d5b6647a74f7265.udd" 2954
"C:/Users/kbc12306075/AppData/Local/UnrealEngine/Common/DerivedDataCache/Buckets/LegacySTREAMEDAUDIO/23/44/6ab99376d838527b269f579e3a96542a149c.udd" 2955
"C:/Users/kbc12306075/AppData/Local/UnrealEngine/Common/DerivedDataCache/Buckets/LegacyTEXTURE/95/08/c3ae3553799908265794870c21d17381d29c.udd" 2956
"C:/Users/kbc12306075/AppData/Local/UnrealEngine/Common/DerivedDataCache/Buckets/LegacyTEXTURE/e4/84/66869f20c1775c47a386c4823da7e8564735.udd" 2957
"C:/Users/kbc12306075/AppData/Local/UnrealEngine/Common/DerivedDataCache/Buckets/LegacyTEXTURE/8d/5d/7582f37e53f47dcfea6156eed86a2e1f65bb.udd" 2958
"C:/Users/kbc12306075/AppData/Local/UnrealEngine/Common/DerivedDataCache/Buckets/LegacyTEXTURE/72/4d/e74df0d94de806acebfacb76801ae8927c6f.udd" 2959
"C:/Users/kbc12306075/AppData/Local/UnrealEngine/Common/DerivedDataCache/Buckets/LegacyTEXTURE/e4/d5/a16ae2cdd3380501d3db653c96b6ad44e535.udd" 2960
"C:/Users/kbc12306075/AppData/Local/UnrealEngine/Common/DerivedDataCache/Buckets/LegacyTEXTURE/19/87/658917de2a54ad6cd4595fdd619c8f97eb30.udd" 2961
"C:/Users/kbc12306075/AppData/Local/UnrealEngine/Common/DerivedDataCache/Buckets/LegacyTEXTURE/a2/12/803b20750edcfc673a95d84c5fd42faa9a97.udd" 2962
"C:/Users/kbc12306075/AppData/Local/UnrealEngine/Common/DerivedDataCache/Buckets/LegacyAudio/33/d7/5c468bdb881095b0fb7dba82c3ddaa882527.udd" 2963
"C:/Users/kbc12306075/AppData/Local/UnrealEngine/Common/DerivedDataCache/Buckets/LegacySTREAMEDAUDIO/c7/18/3f9da372ef37276f267f81269c7722d10e66.udd" 2964
"C:/Users/kbc12306075/AppData/Local/UnrealEngine/Common/DerivedDataCache/Buckets/LegacySTREAMEDAUDIO/c8/81/85b1f1352451e576628cce3ff2b7665dd8d1.udd" 2965
"C:/Users/kbc12306075/AppData/Local/UnrealEngine/Common/DerivedDataCache/Buckets/LegacySTREAMEDAUDIO/0e/47/fbdfd15506de9928ee3b1426ad637e21a073.udd" 2966
"C:/PinBall/Content/System_Pinball/Input/IA_Right_Button.uasset" 2967
"C:/PinBall/Content/Widget_Pinball/image/fr_wh1.uasset" 2968
"C:/Users/kbc12306075/AppData/Local/UnrealEngine/Common/DerivedDataCache/Buckets/BulkDataList/7a/9c/32a2052242718e6755f216445a456b5196c5.udd" 2969
"C:/PinBall/Content/Widget_Pinball/image/fr_wh2.uasset" 2970
"C:/Users/kbc12306075/AppData/Local/UnrealEngine/Common/DerivedDataCache/Buckets/BulkDataList/94/ce/99f5e5230ad1050a531a50ce903faf391ab3.udd" 2971
"C:/PinBall/Content/Widget_Pinball/image/fr_wh3.uasset" 2972
"C:/PinBall/Content/Widget_Pinball/image/fr_wh4.uasset" 2973
"C:/PinBall/Content/Widget_Pinball/image/fr_wh5.uasset" 2974
"C:/PinBall/Content/Widget_Pinball/image/fr_wh6.uasset" 2975
"C:/PinBall/Content/Widget_Pinball/image/fr_wh7.uasset" 2976
"C:/Users/kbc12306075/AppData/Local/UnrealEngine/Common/DerivedDataCache/Buckets/BulkDataList/b5/55/7db959a36931fd888a4a0e83241e9130492e.udd" 2977
"../../../Engine/Content/EngineSky/T_Sky_Blue.uasset" 2978
"C:/Users/kbc12306075/AppData/Local/UnrealEngine/Common/DerivedDataCache/Buckets/BulkDataList/a9/44/64e59d2673e9352c3a9ad2352f64fed41da0.udd" 2979
"../../../Engine/Content/EngineSky/T_Sky_Clouds_M.uasset" 2980
"C:/Users/kbc12306075/AppData/Local/UnrealEngine/Common/DerivedDataCache/Buckets/BulkDataList/d5/8f/541e0604dbbd9a68da90ac53c022cc41dde2.udd" 2981
"../../../Engine/Content/EngineSky/T_Sky_Stars.uasset" 2982
"C:/PinBall/Content/Sound_PinBall/????.uasset" 2983
"C:/PinBall/Content/StarterContent/Textures/T_Tech_Hex_Tile_M.uasset" 2984
"C:/PinBall/Content/StarterContent/Textures/T_Tech_Hex_Tile_N.uasset" 2985
"C:/Users/kbc12306075/AppData/Local/UnrealEngine/Common/DerivedDataCache/Buckets/BulkDataList/bd/5a/b0382ea1ad39cebf1b2832296aa429860412.udd" 2986
"../../../Engine/Content/EngineMaterials/BlendFunc_DefBase.uasset" 2987
"../../../Engine/Content/EngineMaterials/BlendFunc_DefBlend.uasset" 2988
"../../../../../../PinBall/Content/Maps_Pinball/_GENERATED/kbc12306183/Merge_DB88DFA3.uasset" 2989
"C:/Users/kbc12306075/AppData/Local/UnrealEngine/Common/DerivedDataCache/Buckets/LegacySTREAMEDAUDIO/11/f3/cd5fb24bcd9f08a7cc85972bbf66d5d215bd.udd" 2990
"C:/Users/kbc12306075/AppData/Local/UnrealEngine/Common/DerivedDataCache/Buckets/LegacyAudio/38/3a/6237c190379c8ea1189fda5bd561be683a46.udd" 2991
"C:/Users/kbc12306075/AppData/Local/UnrealEngine/Common/DerivedDataCache/Buckets/LegacySTREAMEDAUDIO/bd/b2/64a90f35663957054fc52f0c6fe3815362d2.udd" 2992
"C:/Users/kbc12306075/AppData/Local/UnrealEngine/Common/DerivedDataCache/Buckets/LegacySTREAMEDAUDIO/fd/7b/c7592d112e3649a6b60c6bb8c8b9271f9ded.udd" 2993
"C:/Users/kbc12306075/AppData/Local/UnrealEngine/Common/DerivedDataCache/Buckets/LegacyAudio/d5/3e/fb390e62bc7e0a424005459e368e622a0a4e.udd" 2994
"C:/Users/kbc12306075/AppData/Local/UnrealEngine/Common/DerivedDataCache/Buckets/LegacySTREAMEDAUDIO/1f/93/14750a741e882e8cde3e2cdefc8ba7dae185.udd" 2995
"C:/Users/kbc12306075/AppData/Local/UnrealEngine/Common/DerivedDataCache/Buckets/LegacySTREAMEDAUDIO/c2/8e/7cb37e2ebeccd599697acc7d4c53f28ccf7a.udd" 2996
"C:/Users/kbc12306075/AppData/Local/UnrealEngine/Common/DerivedDataCache/Buckets/LegacySTREAMEDAUDIO/73/b8/d8d1d1cf31a99881b5eef1dbd118818235d1.udd" 2997
"C:/Users/kbc12306075/AppData/Local/UnrealEngine/Common/DerivedDataCache/Buckets/LegacyTEXTURE/36/40/ffbe8a2783d1fa5ce2b42b0fcb65f89bce71.udd" 2998
"../../../Engine/Content/OpenWorldTemplate/LandscapeMaterial/T_GridChecker_A.uasset" 2999
"C:/PinBall/Content/UMG/Number_3D/P_number_Tex.uasset" 3000
"../../../Engine/Content/Functions/Engine_MaterialFunctions01/Gradient/LinearGradient.uasset" 3001
"C:/Users/kbc12306075/AppData/Local/UnrealEngine/Common/DerivedDataCache/Buckets/BulkDataList/1e/18/42121242ba216e9b6ccfb7835dd97a3c6f75.udd" 3002
"C:/Users/kbc12306075/AppData/Local/UnrealEngine/Common/DerivedDataCache/Buckets/BulkDataList/e4/88/f125841292ad9cd0b958f15be70845b80ff1.udd" 3003
"C:/Users/kbc12306075/AppData/Local/UnrealEngine/Common/DerivedDataCache/Buckets/BulkDataList/55/f6/498dc7d7f7afa2be2ed4aff0f72923a09203.udd" 3004
"../../../Engine/Content/MapTemplates/Sky/DaylightAmbientCubemap.uasset" 3005
"../../../Engine/Content/Functions/Engine_MaterialFunctions02/WorldPositionOffset/V2/ObjectScale.uasset" 3006
"C:/Users/kbc12306075/AppData/Local/UnrealEngine/Common/DerivedDataCache/Buckets/BulkDataList/23/55/d0ed5cb100a157be12a4b51733da316e1c80.udd" 3007
"C:/Users/kbc12306075/AppData/Local/UnrealEngine/Common/DerivedDataCache/Buckets/BulkDataList/bc/88/640e26d5f5579da45f6ed7bb33dd7d8b5efe.udd" 3008
"../../../Engine/Content/Functions/Engine_MaterialFunctions02/Math/Transform3x3Matrix.uasset" 3009
"C:/Users/kbc12306075/AppData/Local/UnrealEngine/Common/DerivedDataCache/Buckets/BulkDataList/4c/1e/c6e7dddaa87cacd2d18c22f4d4f9d2b4d0b3.udd" 3010
"../../../Engine/Plugins/Interchange/Runtime/Content/gltf/MaterialFunctions/MF_TransformUVs.uasset" 3011
"C:/Users/kbc12306075/AppData/Local/UnrealEngine/Common/DerivedDataCache/Buckets/BulkDataList/e9/6e/aa6f02eaa0daa383caf6c8d96abbd97c47af.udd" 3012
"../../../Engine/Content/EngineMaterials/PPM_DefaultCalibrationGrayscale.uasset" 3013
"C:/Users/kbc12306075/AppData/Local/UnrealEngine/Common/DerivedDataCache/Buckets/BulkDataList/6d/0a/8fe5a4420883848b77f54b46c021dbe56370.udd" 3014
"../../../Engine/Content/EngineMaterials/PPM_DefaultCalibrationColor.uasset" 3015
"C:/Users/kbc12306075/AppData/Local/UnrealEngine/Common/DerivedDataCache/Buckets/BulkDataList/67/92/a556bded9c7f2c74bb688360c5b3ff9b6469.udd" 3016
"../../../Engine/Content/MobileResources/HUD/DefaultVirtualJoysticks.uasset" 3017
"C:/Users/kbc12306075/AppData/Local/UnrealEngine/Common/DerivedDataCache/Buckets/BulkDataList/8c/52/7a7f0e02ab0e50594337664eb743fde0af68.udd" 3018
"../../../Engine/Content/EditorMaterials/PreviewShadowIndicatorMaterial.uasset" 3019
"C:/Users/kbc12306075/AppData/Local/UnrealEngine/Common/DerivedDataCache/Buckets/BulkDataList/39/10/7f037154f3b8653e174312c66440dbccd7c5.udd" 3020
"../../../Engine/Plugins/Interchange/Runtime/Content/Materials/PhongSurfaceMaterial.uasset" 3021
"C:/Users/kbc12306075/AppData/Local/UnrealEngine/Common/DerivedDataCache/Buckets/BulkDataList/3f/55/ca50a127700ad28fbe646e4c6144f3997edd.udd" 3022
"../../../Engine/Plugins/Interchange/Runtime/Content/Materials/CommonMaterial.uasset" 3023
"C:/Users/kbc12306075/AppData/Local/UnrealEngine/Common/DerivedDataCache/Buckets/BulkDataList/a6/4e/39a15289acae77ebef505db31b8f02cf0d08.udd" 3024
"../../../Engine/Plugins/Interchange/Runtime/Content/gltf/MaterialFunctions/MF_PerceivedBrightness.uasset" 3025
"C:/Users/kbc12306075/AppData/Local/UnrealEngine/Common/DerivedDataCache/Buckets/BulkDataList/dd/19/bff6518d3b77b2af7f3c39fc991c1249f2a8.udd" 3026
"../../../Engine/Plugins/Interchange/Runtime/Content/gltf/MaterialFunctions/MF_Temporal_Blur.uasset" 3027
"C:/Users/kbc12306075/AppData/Local/UnrealEngine/Common/DerivedDataCache/Buckets/BulkDataList/92/72/22096e5325c6c7de032b144bc7f05218ba52.udd" 3028
"../../../Engine/Plugins/Interchange/Runtime/Content/Functions/MF_Iridescence.uasset" 3029
"C:/Users/kbc12306075/AppData/Local/UnrealEngine/Common/DerivedDataCache/Buckets/BulkDataList/4d/13/52d0d89f997d0aeb32e4315d9d6e00f167ae.udd" 3030
"C:/Users/kbc12306075/AppData/Local/UnrealEngine/Common/DerivedDataCache/Buckets/LegacyTEXTURE/9d/2d/2d7806733830fb75cb6b2486ea610791e772.udd" 3031
"C:/Users/kbc12306075/AppData/Local/UnrealEngine/Common/DerivedDataCache/Buckets/LegacyTEXTURE/e3/24/755aab039ba8e8bf2252680a59f690ec064c.udd" 3032
"C:/Users/kbc12306075/AppData/Local/UnrealEngine/Common/DerivedDataCache/Buckets/LegacyTEXTURE/f0/75/1864a7bbf7434d2104aa93f36e23dcb3ae1b.udd" 3033
"C:/Users/kbc12306075/AppData/Local/UnrealEngine/Common/DerivedDataCache/Buckets/LegacyTEXTURE/97/c5/1c9e20fb868b361268943f20259d12441a10.udd" 3034
"C:/Users/kbc12306075/AppData/Local/UnrealEngine/Common/DerivedDataCache/Buckets/LegacyTEXTURE/ac/2d/d31247254ed9ade5d24f194c6866b773bf3c.udd" 3035
"C:/Users/kbc12306075/AppData/Local/UnrealEngine/Common/DerivedDataCache/Buckets/LegacyTEXTURE/cf/5d/67ea4dbcf51c136c96de07dd4dc2a27b33fb.udd" 3036
"C:/Users/kbc12306075/AppData/Local/UnrealEngine/Common/DerivedDataCache/Buckets/LegacyTEXTURE/54/6e/ec7365b4146c9591ed44291f1a22e602b21f.udd" 3037
"C:/Users/kbc12306075/AppData/Local/UnrealEngine/Common/DerivedDataCache/Buckets/LegacySTREAMEDAUDIO/38/c1/f5deb85d904d4b36fd912c3e786959483a37.udd" 3038
"C:/Users/kbc12306075/AppData/Local/UnrealEngine/Common/DerivedDataCache/Buckets/LegacyAudio/fb/8b/bf4435fe9006c27d5f330470a6037ee6f963.udd" 3039
"C:/PinBall/Content/Widget_Pinball/WBP_HitProduction.uasset" 3040
"C:/Users/kbc12306075/AppData/Local/UnrealEngine/Common/DerivedDataCache/Buckets/LegacySTREAMEDAUDIO/c9/6a/fc71e23613a213304188cb618d76446b0a0d.udd" 3041
"C:/Users/kbc12306075/AppData/Local/UnrealEngine/Common/DerivedDataCache/Buckets/LegacySTREAMEDAUDIO/62/e2/48119e5c295fa6c1c5abbb204fd4a4798d55.udd" 3042
"C:/PinBall/Content/BluePrint_Pinball/BP_Flipper_Left.uasset" 3043
"C:/Users/kbc12306075/AppData/Local/UnrealEngine/Common/DerivedDataCache/Buckets/BulkDataList/83/6a/cc4ab59980b46c2c09c3219c76202eb68efa.udd" 3044
"C:/PinBall/Content/BluePrint_Pinball/BP_Flipper_Right.uasset" 3045
"C:/Users/kbc12306075/AppData/Local/UnrealEngine/Common/DerivedDataCache/Buckets/BulkDataList/23/82/4d4366570dda5bf62694dd0ab4c6a65e35ca.udd" 3046
"C:/PinBall/Content/LevelPrototyping/Materials/MI_Solid_Blue.uasset" 3047
"C:/PinBall/Content/Material_Pinball/M_Board.uasset" 3048
"C:/Users/kbc12306075/AppData/Local/UnrealEngine/Common/DerivedDataCache/Buckets/LegacyTEXTURE/c1/12/8e515f2107981a2c93e356006d59e6159e74.udd" 3049
"C:/Users/kbc12306075/AppData/Local/UnrealEngine/Common/DerivedDataCache/Buckets/LegacyTEXTURE/1d/66/e19728afcd1e55eb1c636c0224782cf61093.udd" 3050
"C:/Users/kbc12306075/AppData/Local/UnrealEngine/Common/DerivedDataCache/Buckets/LegacyTEXTURE/00/22/ccff632c5aa08fb98abd6321370ffc5f570f.udd" 3051
"C:/Users/kbc12306075/AppData/Local/UnrealEngine/Common/DerivedDataCache/Buckets/LegacyTEXTURE/07/19/aa902a52f0f1e5c995e0dcf2e5abe29f39ea.udd" 3052
"C:/Users/kbc12306075/AppData/Local/UnrealEngine/Common/DerivedDataCache/Buckets/LegacyTEXTURE/e6/b8/88a76d858d1bf5a2c52106c77e004ad0befd.udd" 3053
"C:/PinBall/Content/StarterContent/Materials/M_Metal_Gold.uasset" 3054
"C:/PinBall/Content/StarterContent/Shapes/Shape_Cylinder.uasset" 3055
"C:/PinBall/Content/Widget_Pinball/WBP_PauseMenu.uasset" 3056
"C:/PinBall/Content/System_Pinball/Input/IMC_Pinball.uasset" 3057
"C:/PinBall/Content/Widget_Pinball/reel_widget1.uasset" 3058
"../../../Engine/Content/EngineSky/M_Sky_Panning_Clouds2.uasset" 3059
"C:/PinBall/Content/StarterContent/Materials/M_Tech_Hex_Tile_Pulse.uasset" 3060
"../../../Engine/Content/Functions/Engine_MaterialFunctions03/Blends/Blend_Overlay.uasset" 3061
"C:/PinBall/Content/UMG/Number_3D/P_number_Mat.uasset" 3062
"../../../Engine/Content/Functions/Engine_MaterialFunctions01/ImageAdjustment/CheapContrast.uasset" 3063
"C:/PinBall/Content/StarterContent/Blueprints/Assets/M_LightStage_Skybox_Master.uasset" 3064
"../../../Engine/Plugins/Interchange/Runtime/Content/gltf/MaterialFunctions/MF_TransmissionOpacity.uasset" 3065
"../../../Engine/Plugins/Interchange/Runtime/Content/gltf/MaterialFunctions/MF_RotateNormals_TS.uasset" 3066
"../../../Engine/Content/Maps/Entry.umap" 3067
"../../../Engine/Content/MapTemplates/SM_Template_Map_Floor.uasset" 3068
"../../../Engine/Plugins/Animation/ControlRig/Content/Controls/ControlRig_Wedge_solid.uasset" 3069
"../../../Engine/Plugins/Animation/ControlRig/Content/Controls/ControlRig_Wedge_3mm.uasset" 3070
"C:/Users/kbc12306075/AppData/Local/UnrealEngine/Common/DerivedDataCache/Buckets/StaticMesh/85/3f/0eb0628a1e4bf7070fda56785fba9f0c64a9.udd" 3071
"../../../Engine/Plugins/Animation/ControlRig/Content/Controls/ControlRig_Wedge_1mm.uasset" 3072
"C:/Users/kbc12306075/AppData/Local/UnrealEngine/Common/DerivedDataCache/Buckets/LegacyDIST/3a/b9/dafdac151a4590d303ee5ea2b39795290ece.udd" 3073
"C:/Users/kbc12306075/AppData/Local/UnrealEngine/Common/DerivedDataCache/Buckets/LegacyCARD/9c/7b/0fdc534978f89dcaf74446a1f92429e174fe.udd" 3074
"C:/Users/kbc12306075/AppData/Local/UnrealEngine/Common/DerivedDataCache/Buckets/LegacyNavCollision/6d/5e/16aa3a48995b3b1e26d8baa016618d23f6c2.udd" 3075
"../../../../../../PinBall/Content/StarterContent/Shapes/Shape_Cylinder.uasset" 3076
"../../../Engine/Plugins/Animation/ControlRig/Content/Controls/ControlRig_Triangle_solid.uasset" 3077
"../../../Engine/Plugins/Animation/ControlRig/Content/Controls/ControlRig_Triangle_3mm.uasset" 3078
"../../../Engine/Plugins/Animation/ControlRig/Content/Controls/ControlRig_Triangle_1mm.uasset" 3079
"../../../Engine/Plugins/Animation/ControlRig/Content/Controls/ControlRig_Star4_solid.uasset" 3080
"../../../Engine/Plugins/Animation/ControlRig/Content/Controls/ControlRig_Star4_3mm.uasset" 3081
"../../../Engine/Plugins/Animation/ControlRig/Content/Controls/ControlRig_Star4_1mm.uasset" 3082
"../../../Engine/Plugins/Animation/ControlRig/Content/Controls/ControlRig_Square_solid.uasset" 3083
"../../../Engine/Plugins/Animation/ControlRig/Content/Controls/ControlRig_Square_3mm.uasset" 3084
"../../../Engine/Plugins/Animation/ControlRig/Content/Controls/ControlRig_Square_1mm.uasset" 3085
"../../../Engine/Plugins/Animation/ControlRig/Content/Controls/ControlRig_Sphere_3mm.uasset" 3086
"../../../Engine/Plugins/Animation/ControlRig/Content/Controls/ControlRig_Sphere_1mm.uasset" 3087
"../../../Engine/Plugins/Animation/ControlRig/Content/Controls/ControlRig_RoundedTriangle_solid.uasset" 3088
"../../../Engine/Plugins/Animation/ControlRig/Content/Controls/ControlRig_RoundedTriangle_3mm.uasset" 3089
"../../../Engine/Plugins/Animation/ControlRig/Content/Controls/ControlRig_RoundedTriangle_1mm.uasset" 3090
"../../../Engine/Plugins/Animation/ControlRig/Content/Controls/ControlRig_RoundedSquare_solid.uasset" 3091
"../../../Engine/Plugins/Animation/ControlRig/Content/Controls/ControlRig_RoundedSquare_3mm.uasset" 3092
"../../../Engine/Plugins/Animation/ControlRig/Content/Controls/ControlRig_RoundedSquare_1mm.uasset" 3093
"../../../Engine/Plugins/Animation/ControlRig/Content/Controls/ControlRig_QuarterCircle_solid.uasset" 3094
"../../../Engine/Plugins/Animation/ControlRig/Content/Controls/ControlRig_QuarterCircle_3mm.uasset" 3095
"../../../Engine/Plugins/Animation/ControlRig/Content/Controls/ControlRig_QuarterCircle_1mm.uasset" 3096
"../../../Engine/Plugins/Animation/ControlRig/Content/Controls/ControlRig_Pyramid_solid.uasset" 3097
"../../../Engine/Plugins/Animation/ControlRig/Content/Controls/ControlRig_Pyramid_3mm.uasset" 3098
"../../../Engine/Plugins/Animation/ControlRig/Content/Controls/ControlRig_Pyramid_1mm.uasset" 3099
"../../../Engine/Plugins/Animation/ControlRig/Content/Controls/ControlRig_Octagon_solid.uasset" 3100
"../../../Engine/Plugins/Animation/ControlRig/Content/Controls/ControlRig_Octagon_3mm.uasset" 3101
"../../../Engine/Plugins/Animation/ControlRig/Content/Controls/ControlRig_Octagon_1mm.uasset" 3102
"../../../Engine/Plugins/Animation/ControlRig/Content/Controls/ControlRig_Hexagon_solid.uasset" 3103
"../../../Engine/Plugins/Animation/ControlRig/Content/Controls/ControlRig_Hexagon_3mm.uasset" 3104
"../../../Engine/Plugins/Animation/ControlRig/Content/Controls/ControlRig_Hexagon_1mm.uasset" 3105
"../../../Engine/Plugins/Animation/ControlRig/Content/Controls/ControlRig_HalfCircle_solid.uasset" 3106
"../../../Engine/Plugins/Animation/ControlRig/Content/Controls/ControlRig_HalfCircle_3mm.uasset" 3107
"../../../Engine/Plugins/Animation/ControlRig/Content/Controls/ControlRig_HalfCircle_1mm.uasset" 3108
"../../../Engine/Plugins/Animation/ControlRig/Content/Controls/ControlRig_Diamond_solid.uasset" 3109
"../../../Engine/Plugins/Animation/ControlRig/Content/Controls/ControlRig_Diamond_3mm.uasset" 3110
"../../../Engine/Plugins/Animation/ControlRig/Content/Controls/ControlRig_Diamond_1mm.uasset" 3111
"../../../Engine/Plugins/Animation/ControlRig/Content/Controls/ControlRig_Circle_solid.uasset" 3112
"../../../Engine/Plugins/Animation/ControlRig/Content/Controls/ControlRig_Circle_3mm.uasset" 3113
"../../../Engine/Plugins/Animation/ControlRig/Content/Controls/ControlRig_Circle_1mm.uasset" 3114
"../../../Engine/Plugins/Animation/ControlRig/Content/Controls/ControlRig_Box_solid.uasset" 3115
"../../../Engine/Plugins/Animation/ControlRig/Content/Controls/ControlRig_Box_3mm.uasset" 3116
"../../../Engine/Plugins/Animation/ControlRig/Content/Controls/ControlRig_Box_1mm.uasset" 3117
"../../../Engine/Plugins/Animation/ControlRig/Content/Controls/ControlRig_Arrow_solid.uasset" 3118
"../../../Engine/Plugins/Animation/ControlRig/Content/Controls/ControlRig_Arrow_3mm.uasset" 3119
"../../Plugins/Animation/ControlRig/Content/Controls/ControlRig_Wedge_solid.uasset" 3120
"../../Plugins/Animation/ControlRig/Content/Controls/ControlRig_Wedge_3mm.uasset" 3121
"../../Plugins/Animation/ControlRig/Content/Controls/ControlRig_Wedge_1mm.uasset" 3122
"../../Plugins/Animation/ControlRig/Content/Controls/ControlRig_Triangle_solid.uasset" 3123
"../../Plugins/Animation/ControlRig/Content/Controls/ControlRig_Triangle_3mm.uasset" 3124
"../../Plugins/Animation/ControlRig/Content/Controls/ControlRig_Triangle_1mm.uasset" 3125
"../../Plugins/Animation/ControlRig/Content/Controls/ControlRig_Star4_solid.uasset" 3126
"../../Plugins/Animation/ControlRig/Content/Controls/ControlRig_Star4_3mm.uasset" 3127
"../../Plugins/Animation/ControlRig/Content/Controls/ControlRig_Star4_1mm.uasset" 3128
"../../Plugins/Animation/ControlRig/Content/Controls/ControlRig_Square_solid.uasset" 3129
"../../Plugins/Animation/ControlRig/Content/Controls/ControlRig_Square_3mm.uasset" 3130
"../../Plugins/Animation/ControlRig/Content/Controls/ControlRig_Square_1mm.uasset" 3131
"../../Plugins/Animation/ControlRig/Content/Controls/ControlRig_Sphere_3mm.uasset" 3132
"../../Plugins/Animation/ControlRig/Content/Controls/ControlRig_Sphere_1mm.uasset" 3133
"../../Plugins/Animation/ControlRig/Content/Controls/ControlRig_RoundedTriangle_solid.uasset" 3134
"../../Plugins/Animation/ControlRig/Content/Controls/ControlRig_RoundedTriangle_3mm.uasset" 3135
"../../Plugins/Animation/ControlRig/Content/Controls/ControlRig_RoundedTriangle_1mm.uasset" 3136
"../../Plugins/Animation/ControlRig/Content/Controls/ControlRig_RoundedSquare_solid.uasset" 3137
"../../Plugins/Animation/ControlRig/Content/Controls/ControlRig_RoundedSquare_3mm.uasset" 3138
"../../Plugins/Animation/ControlRig/Content/Controls/ControlRig_RoundedSquare_1mm.uasset" 3139
"../../Plugins/Animation/ControlRig/Content/Controls/ControlRig_QuarterCircle_solid.uasset" 3140
"../../Plugins/Animation/ControlRig/Content/Controls/ControlRig_QuarterCircle_3mm.uasset" 3141
"../../Plugins/Animation/ControlRig/Content/Controls/ControlRig_QuarterCircle_1mm.uasset" 3142
"../../Plugins/Animation/ControlRig/Content/Controls/ControlRig_Pyramid_solid.uasset" 3143
"../../Plugins/Animation/ControlRig/Content/Controls/ControlRig_Pyramid_3mm.uasset" 3144
"../../Plugins/Animation/ControlRig/Content/Controls/ControlRig_Pyramid_1mm.uasset" 3145
"../../Plugins/Animation/ControlRig/Content/Controls/ControlRig_Octagon_solid.uasset" 3146
"../../Plugins/Animation/ControlRig/Content/Controls/ControlRig_Octagon_3mm.uasset" 3147
"../../Plugins/Animation/ControlRig/Content/Controls/ControlRig_Octagon_1mm.uasset" 3148
"../../Plugins/Animation/ControlRig/Content/Controls/ControlRig_Hexagon_solid.uasset" 3149
"../../Plugins/Animation/ControlRig/Content/Controls/ControlRig_Hexagon_3mm.uasset" 3150
"../../../Engine/Plugins/Animation/ControlRig/Content/Controls/ControlRig_Arrow_1mm.uasset" 3151
"../../../Engine/Plugins/Animation/ControlRig/Content/Controls/ControlRig_Arrow4_solid.uasset" 3152
"../../../Engine/Plugins/Animation/ControlRig/Content/Controls/ControlRig_Arrow4_3mm.uasset" 3153
"../../../Engine/Plugins/Animation/ControlRig/Content/Controls/ControlRig_Arrow4_1mm.uasset" 3154
"../../../Engine/Plugins/Animation/ControlRig/Content/Controls/ControlRig_Arrow2_solid.uasset" 3155
"../../../Engine/Plugins/Animation/ControlRig/Content/Controls/ControlRig_Arrow2_3mm.uasset" 3156
"../../../Engine/Plugins/Animation/ControlRig/Content/Controls/ControlRig_Arrow2_1mm.uasset" 3157
"../../../Engine/Plugins/Animation/ControlRig/Content/Controls/ControlRig_Sphere_solid.uasset" 3158
"C:/PinBall/Content/StarterContent/Props/MaterialSphere.uasset" 3159
"../../../Engine/Plugins/Interchange/Runtime/Content/gltf/MaterialFunctions/MF_Transmission.uasset" 3160
"../../../Engine/Plugins/Interchange/Runtime/Content/gltf/MaterialFunctions/MF_Specular.uasset" 3161
"../../../Engine/Plugins/Interchange/Runtime/Content/gltf/MaterialFunctions/MF_Sheen.uasset" 3162
"../../../Engine/Plugins/Interchange/Runtime/Content/gltf/MaterialFunctions/MF_Occlusion.uasset" 3163
"../../../Engine/Plugins/Interchange/Runtime/Content/gltf/MaterialFunctions/MF_MetallicRoughness.uasset" 3164
"../../../Engine/Plugins/Interchange/Runtime/Content/gltf/MaterialFunctions/MF_Emissive.uasset" 3165
"../../../Engine/Plugins/Interchange/Runtime/Content/gltf/MaterialFunctions/MF_DiffuseSpecGloss.uasset" 3166
"../../../Engine/Plugins/Interchange/Runtime/Content/gltf/MaterialFunctions/MF_BaseColor.uasset" 3167
"../../../Engine/Plugins/Interchange/Runtime/Content/Materials/PBRSurfaceFunction.uasset" 3168
"../../../Engine/Plugins/Interchange/Runtime/Content/Materials/LambertSurfaceMaterial.uasset" 3169
"../../../Engine/Plugins/Interchange/Runtime/Content/gltf/MaterialFunctions/MF_SpecGlossToMetalRoughness.uasset" 3170
"../../../Engine/Plugins/Interchange/Runtime/Content/Functions/MX_Transmission.uasset" 3171
"../../../Engine/Plugins/Interchange/Runtime/Content/Materials/OrenNayerMaterial.uasset" 3172
"../../../Engine/Plugins/Interchange/Runtime/Content/Functions/MX_StandardSurface.uasset" 3173
"C:/PinBall/Content/System_Pinball/PC_Pinball.uasset" 3174
"C:/Users/kbc12306075/AppData/Local/UnrealEngine/Common/DerivedDataCache/Buckets/StaticMesh/d2/aa/18d86a234788511b0aaf8d87ccb79a965e72.udd" 3175
"../../../Engine/Content/EngineSky/SM_SkySphere.uasset" 3176
"C:/Users/kbc12306075/AppData/Local/UnrealEngine/Common/DerivedDataCache/Buckets/LegacyDIST/ee/6d/c5b048b21cf14f6832eb4c1e5b2b5e078d24.udd" 3177
"C:/Users/kbc12306075/AppData/Local/UnrealEngine/Common/DerivedDataCache/Buckets/LegacyCARD/20/94/df5cfd3bf351ac7f3057b7197fa7d913ad0d.udd" 3178
"C:/PinBall/Content/UMG/Number_3D/Pachinko_number_0.uasset" 3179
"C:/Users/kbc12306075/AppData/Local/UnrealEngine/Common/DerivedDataCache/Buckets/LegacyNavCollision/0b/b7/a740b515ae0650d46bc603376d0a01da1698.udd" 3180
"C:/PinBall/Content/UMG/Number_3D/Pachinko_number_1.uasset" 3181
"C:/PinBall/Content/UMG/Number_3D/Pachinko_number_2.uasset" 3182
"../../Plugins/Animation/ControlRig/Content/Controls/ControlRig_Hexagon_1mm.uasset" 3183
"../../Plugins/Animation/ControlRig/Content/Controls/ControlRig_HalfCircle_solid.uasset" 3184
"../../Plugins/Animation/ControlRig/Content/Controls/ControlRig_HalfCircle_3mm.uasset" 3185
"../../Plugins/Animation/ControlRig/Content/Controls/ControlRig_HalfCircle_1mm.uasset" 3186
"../../Plugins/Animation/ControlRig/Content/Controls/ControlRig_Diamond_solid.uasset" 3187
"../../Plugins/Animation/ControlRig/Content/Controls/ControlRig_Diamond_3mm.uasset" 3188
"../../Plugins/Animation/ControlRig/Content/Controls/ControlRig_Diamond_1mm.uasset" 3189
"../../Plugins/Animation/ControlRig/Content/Controls/ControlRig_Circle_solid.uasset" 3190
"../../Plugins/Animation/ControlRig/Content/Controls/ControlRig_Circle_3mm.uasset" 3191
"../../Plugins/Animation/ControlRig/Content/Controls/ControlRig_Circle_1mm.uasset" 3192
"../../Plugins/Animation/ControlRig/Content/Controls/ControlRig_Box_solid.uasset" 3193
"../../Plugins/Animation/ControlRig/Content/Controls/ControlRig_Box_3mm.uasset" 3194
"../../Plugins/Animation/ControlRig/Content/Controls/ControlRig_Box_1mm.uasset" 3195
"../../Plugins/Animation/ControlRig/Content/Controls/ControlRig_Arrow_solid.uasset" 3196
"../../Plugins/Animation/ControlRig/Content/Controls/ControlRig_Arrow_3mm.uasset" 3197
"../../Plugins/Animation/ControlRig/Content/Controls/ControlRig_Arrow_1mm.uasset" 3198
"../../Plugins/Animation/ControlRig/Content/Controls/ControlRig_Arrow4_solid.uasset" 3199
"../../Plugins/Animation/ControlRig/Content/Controls/ControlRig_Arrow4_3mm.uasset" 3200
"../../Plugins/Animation/ControlRig/Content/Controls/ControlRig_Arrow4_1mm.uasset" 3201
"../../Plugins/Animation/ControlRig/Content/Controls/ControlRig_Arrow2_solid.uasset" 3202
"../../Plugins/Animation/ControlRig/Content/Controls/ControlRig_Arrow2_3mm.uasset" 3203
"../../Plugins/Animation/ControlRig/Content/Controls/ControlRig_Arrow2_1mm.uasset" 3204
"../../Plugins/Animation/ControlRig/Content/Controls/ControlRig_Sphere_solid.uasset" 3205
"../../../../../../PinBall/Content/StarterContent/Props/MaterialSphere.uasset" 3206
"C:/PinBall/Content/UMG/Number_3D/Pachinko_number_3.uasset" 3207
"C:/PinBall/Content/UMG/Number_3D/Pachinko_number_4.uasset" 3208
"C:/PinBall/Content/UMG/Number_3D/Pachinko_number_5.uasset" 3209
"C:/PinBall/Content/UMG/Number_3D/Pachinko_number_6.uasset" 3210
"C:/PinBall/Content/UMG/Number_3D/Pachinko_number_7.uasset" 3211
"../../../Engine/Content/OpenWorldTemplate/LandscapeMaterial/MF_ProcGrid.uasset" 3212
"C:/PinBall/Content/StarterContent/Blueprints/Assets/M_LightStage_Skybox_Black.uasset" 3213
"../../../Engine/Plugins/Interchange/Runtime/Content/gltf/MaterialFunctions/MF_Normals.uasset" 3214
"../../../Engine/Plugins/Interchange/Runtime/Content/gltf/MaterialFunctions/MF_Clearcoat.uasset" 3215
"C:/PinBall/Content/BluePrint_Pinball/BP_SpeedUpPanel.uasset" 3216
"C:/PinBall/Content/BluePrint_Pinball/BP_WaveLight.uasset" 3217
"../../../Engine/Plugins/Interchange/Runtime/Content/gltf/M_Unlit.uasset" 3218
"../../../Engine/Plugins/Interchange/Runtime/Content/Materials/ThinTranslucentMaterial.uasset" 3219
"C:/Users/kbc12306075/AppData/Local/UnrealEngine/Common/DerivedDataCache/Buckets/StaticMesh/27/f6/ff960aa286dd91bde9619c73d1f546bf9eb1.udd" 3220
"../../../Engine/Plugins/Interchange/Runtime/Content/Materials/SubsurfaceMaterial.uasset" 3221
"C:/Users/kbc12306075/AppData/Local/UnrealEngine/Common/DerivedDataCache/Buckets/LegacyDIST/fe/69/029d8effc7918ef4d55cf46ea109131c16b9.udd" 3222
"C:/Users/kbc12306075/AppData/Local/UnrealEngine/Common/DerivedDataCache/Buckets/LegacyCARD/56/cc/f11328f89f26ce14b26336d4b055734dce31.udd" 3223
"C:/Users/kbc12306075/AppData/Local/UnrealEngine/Common/DerivedDataCache/Buckets/StaticMesh/03/54/632720a760d80b9c0401735c85fc22082c62.udd" 3224
"../../../Engine/Plugins/Interchange/Runtime/Content/Materials/SheenMaterial.uasset" 3225
"C:/Users/kbc12306075/AppData/Local/UnrealEngine/Common/DerivedDataCache/Buckets/LegacyDIST/7d/8c/395f044b04852c3e327c2cd445eb663a8005.udd" 3226
"C:/Users/kbc12306075/AppData/Local/UnrealEngine/Common/DerivedDataCache/Buckets/LegacyCARD/9d/b1/bae934a789ce797fce0c4e518cce03607e67.udd" 3227
"C:/Users/kbc12306075/AppData/Local/UnrealEngine/Common/DerivedDataCache/Buckets/StaticMesh/56/a8/1e8ac025988a1f3a713abe616c0f43da9f48.udd" 3228
"../../../Engine/Plugins/Interchange/Runtime/Content/Materials/PBRSurfaceMaterial.uasset" 3229
"C:/Users/kbc12306075/AppData/Local/UnrealEngine/Common/DerivedDataCache/Buckets/LegacyDIST/16/7a/62593a82f3f46f510d45921025d99c2d7656.udd" 3230
"C:/Users/kbc12306075/AppData/Local/UnrealEngine/Common/DerivedDataCache/Buckets/StaticMesh/38/4a/06fa04aa0f9b718d0365b26c0410e98e03fc.udd" 3231
"C:/Users/kbc12306075/AppData/Local/UnrealEngine/Common/DerivedDataCache/Buckets/LegacyCARD/15/aa/a4e7654b1cfc76564b36ea6de8bfbe9024cb.udd" 3232
"C:/Users/kbc12306075/AppData/Local/UnrealEngine/Common/DerivedDataCache/Buckets/LegacyNavCollision/bb/7a/3fbfc03badfc626393faa530d825a75b1a8e.udd" 3233
"C:/Users/kbc12306075/AppData/Local/UnrealEngine/Common/DerivedDataCache/Buckets/LegacyDIST/5a/e5/090a89715107dcbb671211066af765512eb8.udd" 3234
"C:/Users/kbc12306075/AppData/Local/UnrealEngine/Common/DerivedDataCache/Buckets/LegacyCARD/3d/37/6422ce4e89a39b7d1580b1c46d726eef4209.udd" 3235
"C:/Users/kbc12306075/AppData/Local/UnrealEngine/Common/DerivedDataCache/Buckets/LegacyNavCollision/70/12/6527fee803fac2b547dbd5b029af6cad4f3a.udd" 3236
"C:/Users/kbc12306075/AppData/Local/UnrealEngine/Common/DerivedDataCache/Buckets/LegacyNavCollision/ef/82/7e6c7595c91d33ed7736a0db4dd1a5cac792.udd" 3237
"C:/Users/kbc12306075/AppData/Local/UnrealEngine/Common/DerivedDataCache/Buckets/LegacyNavCollision/44/34/ece4446e3e7825377a9fee06b862a0885e0f.udd" 3238
"../../../../../../PinBall/Content/UMG/Number_3D/Pachinko_number_0.uasset" 3239
"../../../../../../PinBall/Content/UMG/Number_3D/Pachinko_number_1.uasset" 3240
"../../../../../../PinBall/Content/UMG/Number_3D/Pachinko_number_2.uasset" 3241
"../../../../../../PinBall/Content/UMG/Number_3D/Pachinko_number_3.uasset" 3242
"../../../Engine/Plugins/Interchange/Runtime/Content/Materials/ClearCoatMaterial.uasset" 3243
"C:/Users/kbc12306075/AppData/Local/UnrealEngine/Common/DerivedDataCache/Buckets/StaticMesh/b1/fd/2ea65359e88a413dee38ca82bdf4fcfcf1b5.udd" 3244
"../../../Engine/Plugins/Interchange/Runtime/Content/Functions/MX_TransmissionSurface.uasset" 3245
"C:/Users/kbc12306075/AppData/Local/UnrealEngine/Common/DerivedDataCache/Buckets/LegacyDIST/8d/c3/64fcd0900fe0877ac03b0c1c2ae9b6b3feb1.udd" 3246
"C:/Users/kbc12306075/AppData/Local/UnrealEngine/Common/DerivedDataCache/Buckets/LegacyCARD/6b/43/e3c168c3e33d5e7f99d10847d6c676d6a596.udd" 3247
"C:/Users/kbc12306075/AppData/Local/UnrealEngine/Common/DerivedDataCache/Buckets/StaticMesh/ee/48/a3ce5090b0fb0ca3e64c822c56462b48e4a1.udd" 3248
"C:/PinBall/Content/BluePrint_Pinball/BP_Numbers.uasset" 3249
"C:/Users/kbc12306075/AppData/Local/UnrealEngine/Common/DerivedDataCache/Buckets/LegacyDIST/67/be/4deebe787a6c6db889992de899b7e813f8e3.udd" 3250
"C:/Users/kbc12306075/AppData/Local/UnrealEngine/Common/DerivedDataCache/Buckets/LegacyCARD/31/4b/3d0a79656b1e3575b3e8b3087550f87f7f00.udd" 3251
"C:/Users/kbc12306075/AppData/Local/UnrealEngine/Common/DerivedDataCache/Buckets/StaticMesh/f9/cf/e20e7d143ad4bb0b228e5e8cf3dbfe32b288.udd" 3252
"../../../Engine/Content/OpenWorldTemplate/LandscapeMaterial/M_ProcGrid.uasset" 3253
"C:/Users/kbc12306075/AppData/Local/UnrealEngine/Common/DerivedDataCache/Buckets/LegacyDIST/9a/68/5d3b615b468c4c5d36d1cee4cc2580bffa99.udd" 3254
"C:/Users/kbc12306075/AppData/Local/UnrealEngine/Common/DerivedDataCache/Buckets/LegacyCARD/38/5b/aece6a7a63f331f36ace396329439c3a1a49.udd" 3255
"C:/Users/kbc12306075/AppData/Local/UnrealEngine/Common/DerivedDataCache/Buckets/StaticMesh/57/26/e165f3b4b2e68b994485c133076b27bda3e6.udd" 3256
"C:/Users/kbc12306075/AppData/Local/UnrealEngine/Common/DerivedDataCache/Buckets/LegacyDIST/a9/94/2f6776be1444f62e86f0d4d95424f41434f7.udd" 3257
"C:/Users/kbc12306075/AppData/Local/UnrealEngine/Common/DerivedDataCache/Buckets/LegacyCARD/a4/25/9aadbadde393272e7ded38579397a665c877.udd" 3258
"C:/Users/kbc12306075/AppData/Local/UnrealEngine/Common/DerivedDataCache/Buckets/LegacyNavCollision/a6/08/0717778b3a80e8fe583e6e823ca2741afc35.udd" 3259
"C:/Users/kbc12306075/AppData/Local/UnrealEngine/Common/DerivedDataCache/Buckets/LegacyNavCollision/27/6a/f39f8b118a556bf3e86abf96bb530e35b3e6.udd" 3260
"../../../Engine/Plugins/Interchange/Runtime/Content/gltf/M_Transmission.uasset" 3261
"../../../Engine/Plugins/Interchange/Runtime/Content/gltf/M_Sheen.uasset" 3262
"C:/Users/kbc12306075/AppData/Local/UnrealEngine/Common/DerivedDataCache/Buckets/LegacyNavCollision/a9/10/813a4c7e2f8e927daf1dbceaf387589904b3.udd" 3263
"C:/Users/kbc12306075/AppData/Local/UnrealEngine/Common/DerivedDataCache/Buckets/LegacyNavCollision/10/5d/a63f07c3ba345a33f369b384362714bbccd2.udd" 3264
"../../../Engine/Plugins/Interchange/Runtime/Content/gltf/M_Translucent.uasset" 3265
"../../../Engine/Plugins/Interchange/Runtime/Content/gltf/M_Opaque.uasset" 3266
"../../../Engine/Plugins/Interchange/Runtime/Content/gltf/MaterialInstances_MR/MI_Opaque_Unlit_TS.uasset" 3267
"../../../Engine/Plugins/Interchange/Runtime/Content/gltf/MaterialInstances_MR/MI_Opaque_Unlit.uasset" 3268
"../../../Engine/Content/OpenWorldTemplate/LandscapeMaterial/MI_ProcGrid.uasset" 3269
"C:/PinBall/Content/BluePrint_Pinball/BP_Target.uasset" 3270
"../../../../../../PinBall/Content/UMG/Number_3D/Pachinko_number_4.uasset" 3271
"../../../../../../PinBall/Content/UMG/Number_3D/Pachinko_number_5.uasset" 3272
"../../../../../../PinBall/Content/UMG/Number_3D/Pachinko_number_6.uasset" 3273
"../../../../../../PinBall/Content/UMG/Number_3D/Pachinko_number_7.uasset" 3274
"../../../Engine/Plugins/Interchange/Runtime/Content/gltf/MaterialInstances_SG/MI_Transmission_TS.uasset" 3275
"../../../Engine/Plugins/Interchange/Runtime/Content/gltf/MaterialInstances_SG/MI_Transmission.uasset" 3276
"../../../Engine/Plugins/Interchange/Runtime/Content/gltf/MaterialInstances_MR/MI_Transmission_TS.uasset" 3277
"../../../Engine/Plugins/Interchange/Runtime/Content/gltf/MaterialInstances_MR/MI_Transmission.uasset" 3278
"../../../Engine/Plugins/Interchange/Runtime/Content/gltf/MaterialInstances_SG/MI_Opaque_Sheen_TS.uasset" 3279
"../../../Engine/Plugins/Interchange/Runtime/Content/gltf/MaterialInstances_SG/MI_Opaque_Sheen.uasset" 3280
"../../../Engine/Plugins/Interchange/Runtime/Content/gltf/MaterialInstances_MR/MI_Opaque_Sheen_TS.uasset" 3281
"../../../Engine/Plugins/Interchange/Runtime/Content/gltf/MaterialInstances_MR/MI_Opaque_Sheen.uasset" 3282
"../../../Engine/Plugins/Interchange/Runtime/Content/gltf/MaterialInstances_SG/MI_Translucent_TS.uasset" 3283
"../../../Engine/Plugins/Interchange/Runtime/Content/gltf/MaterialInstances_SG/MI_Translucent_ClearCoat_TS.uasset" 3284
"../../../Engine/Plugins/Interchange/Runtime/Content/gltf/MaterialInstances_SG/MI_Translucent_ClearCoat.uasset" 3285
"../../../Engine/Plugins/Interchange/Runtime/Content/gltf/MaterialInstances_SG/MI_Translucent.uasset" 3286
"../../../Engine/Plugins/Interchange/Runtime/Content/gltf/MaterialInstances_MR/MI_Translucent_TS.uasset" 3287
"../../../Engine/Plugins/Interchange/Runtime/Content/gltf/MaterialInstances_MR/MI_Translucent_ClearCoat_TS.uasset" 3288
"../../../Engine/Plugins/Interchange/Runtime/Content/gltf/MaterialInstances_MR/MI_Translucent_ClearCoat.uasset" 3289
"../../../Engine/Plugins/Interchange/Runtime/Content/gltf/MaterialInstances_MR/MI_Translucent.uasset" 3290
"../../../Engine/Plugins/Interchange/Runtime/Content/gltf/MaterialInstances_SG/MI_Opaque_TS.uasset" 3291
"../../../Engine/Plugins/Interchange/Runtime/Content/gltf/MaterialInstances_SG/MI_Opaque_ClearCoat_TS.uasset" 3292
"../../../Engine/Plugins/Interchange/Runtime/Content/gltf/MaterialInstances_SG/MI_Opaque_ClearCoat.uasset" 3293
"../../../Engine/Plugins/Interchange/Runtime/Content/gltf/MaterialInstances_SG/MI_Opaque.uasset" 3294
"../../../Engine/Plugins/Interchange/Runtime/Content/gltf/MaterialInstances_MR/MI_Opaque_TS.uasset" 3295
"../../../Engine/Plugins/Interchange/Runtime/Content/gltf/MaterialInstances_MR/MI_Opaque_ClearCoat_TS.uasset" 3296
"../../../Engine/Plugins/Interchange/Runtime/Content/gltf/MaterialInstances_MR/MI_Opaque_ClearCoat.uasset" 3297
"../../../Engine/Plugins/Interchange/Runtime/Content/gltf/MaterialInstances_MR/MI_Opaque.uasset" 3298
"../../../Engine/Content/EngineSounds/Submixes/MasterEQSubmixDefault.uasset" 3299
"../../../Engine/Content/EngineSounds/Submixes/MasterSubmixDefault.uasset" 3300
"../../../Engine/Content/EngineSounds/Submixes/MasterReverbSubmixDefault.uasset" 3301
"C:/PinBall/Content/FirstPerson/Blueprints/BP_FirstPersonGameMode.uasset" 3302
"C:/PinBall/Content/Widget_Pinball/WBP_ReelSet.uasset" 3303
"C:/PinBall/Content/BluePrint_Pinball/BP_Launcher.uasset" 3304
"C:/PinBall/Content/BluePrint_Pinball/BP_Rebound.uasset" 3305
"C:/PinBall/Content/BluePrint_Pinball/BP_StockLamp.uasset" 3306
"C:/PinBall/Content/Maps_Pinball/Map_Level1.umap" 3307
"../../../../../../PinBall/Content/Maps_Pinball/Map_Level1.umap" 3308
"../../../Engine/Content/EditorResources/EmptyActor.uasset" 3309
"C:/Users/kbc12306075/AppData/Local/UnrealEngine/Common/DerivedDataCache/Buckets/BulkDataList/34/0b/fa220fbba7aa27cc0c6c47e5bc57f8385f8e.udd" 3310
"../../../Engine/Content/EditorResources/S_KHinge.uasset" 3311
"C:/Users/kbc12306075/AppData/Local/UnrealEngine/Common/DerivedDataCache/Buckets/BulkDataList/aa/ae/d8c4033be2c649b514f2c0972d0d19129abe.udd" 3312
